id,date_created,label,meta_info,people_id,type_sensor,x,y,z
180,2018-10-19,MagLaBeL,meta-meta,peopleID,magnetometer,1288,-4376,5602
181,2018-10-19,MagLaBeL,meta-meta,peopleID,magnetometer,1246,-4383,5629
182,2018-10-19,MagLaBeL,meta-meta,peopleID,magnetometer,1305,-4384,5607
183,2018-10-19,MagLaBeL,meta-meta,peopleID,magnetometer,1601,-4958,5573
184,2018-10-19,MagLaBeL,meta-meta,peopleID,magnetometer,1688,-5073,5612
185,2018-10-19,MagLaBeL,meta-meta,peopleID,magnetometer,1701,-5083,5602
186,2018-10-19,MagLaBeL,meta-meta,peopleID,magnetometer,1752,-5094,5684
187,2018-10-19,MagLaBeL,meta-meta,peopleID,magnetometer,1696,-5136,5679
188,2018-10-19,MagLaBeL,meta-meta,peopleID,magnetometer,1695,-5110,5714
189,2018-10-19,MagLaBeL,meta-meta,peopleID,magnetometer,810,-3738,5834
190,2018-10-19,MagLaBeL,meta-meta,peopleID,magnetometer,810,-3660,5851
191,2018-10-19,MagLaBeL,meta-meta,peopleID,magnetometer,825,-3650,5801
192,2018-10-19,MagLaBeL,meta-meta,peopleID,magnetometer,798,-3637,5792
193,2018-10-19,MagLaBeL,meta-meta,peopleID,magnetometer,838,-3649,5800
194,2018-10-19,MagLaBeL,meta-meta,peopleID,magnetometer,861,-3651,5817
195,2018-10-19,MagLaBeL,meta-meta,peopleID,magnetometer,855,-3633,5804
196,2018-10-19,MagLaBeL,meta-meta,peopleID,magnetometer,863,-3645,5830
197,2018-10-19,MagLaBeL,meta-meta,peopleID,magnetometer,864,-3669,5799
198,2018-10-19,MagLaBeL,meta-meta,peopleID,magnetometer,857,-3648,5750
199,2018-10-19,MagLaBeL,meta-meta,peopleID,magnetometer,860,-3660,5799
200,2018-10-19,MagLaBeL,meta-meta,peopleID,magnetometer,832,-3663,5820
201,2018-10-19,MagLaBeL,meta-meta,peopleID,magnetometer,848,-3641,5812
202,2018-10-19,MagLaBeL,meta-meta,peopleID,magnetometer,850,-3633,5791
203,2018-10-19,MagLaBeL,meta-meta,peopleID,magnetometer,821,-3645,5761
204,2018-10-19,MagLaBeL,meta-meta,peopleID,magnetometer,827,-3618,5814
205,2018-10-19,MagLaBeL,meta-meta,peopleID,magnetometer,817,-3667,5837
206,2018-10-19,MagLaBeL,meta-meta,peopleID,magnetometer,812,-3660,5808
207,2018-10-19,MagLaBeL,meta-meta,peopleID,magnetometer,789,-3662,5855
208,2018-10-19,MagLaBeL,meta-meta,peopleID,magnetometer,744,-3704,5806
209,2018-10-19,MagLaBeL,meta-meta,peopleID,magnetometer,773,-3654,5814
210,2018-10-19,MagLaBeL,meta-meta,peopleID,magnetometer,736,-3635,5819
211,2018-10-19,MagLaBeL,meta-meta,peopleID,magnetometer,730,-3646,5856
212,2018-10-19,MagLaBeL,meta-meta,peopleID,magnetometer,721,-3630,5885
213,2018-10-19,MagLaBeL,meta-meta,peopleID,magnetometer,731,-3614,5875
214,2018-10-19,MagLaBeL,meta-meta,peopleID,magnetometer,671,-3661,5896
215,2018-10-19,MagLaBeL,meta-meta,peopleID,magnetometer,683,-3658,5957
216,2018-10-19,MagLaBeL,meta-meta,peopleID,magnetometer,631,-3639,5912
217,2018-10-19,MagLaBeL,meta-meta,peopleID,magnetometer,639,-3642,5990
218,2018-10-19,MagLaBeL,meta-meta,peopleID,magnetometer,606,-3636,5977
219,2018-10-19,MagLaBeL,meta-meta,peopleID,magnetometer,699,-3588,5941
220,2018-10-19,MagLaBeL,meta-meta,peopleID,magnetometer,692,-3613,5921
221,2018-10-19,MagLaBeL,meta-meta,peopleID,magnetometer,719,-3598,5887
222,2018-10-19,MagLaBeL,meta-meta,peopleID,magnetometer,767,-3608,5804
223,2018-10-19,MagLaBeL,meta-meta,peopleID,magnetometer,782,-3598,5850
224,2018-10-19,MagLaBeL,meta-meta,peopleID,magnetometer,778,-3580,5848
225,2018-10-19,MagLaBeL,meta-meta,peopleID,magnetometer,830,-3600,5839
226,2018-10-19,MagLaBeL,meta-meta,peopleID,magnetometer,861,-3600,5784
227,2018-10-19,MagLaBeL,meta-meta,peopleID,magnetometer,872,-3641,5804
228,2018-10-19,MagLaBeL,meta-meta,peopleID,magnetometer,906,-3611,5794
229,2018-10-19,MagLaBeL,meta-meta,peopleID,magnetometer,894,-3616,5743
230,2018-10-19,MagLaBeL,meta-meta,peopleID,magnetometer,887,-3581,5726
231,2018-10-19,MagLaBeL,meta-meta,peopleID,magnetometer,904,-3601,5754
232,2018-10-19,MagLaBeL,meta-meta,peopleID,magnetometer,930,-3592,5740
233,2018-10-19,MagLaBeL,meta-meta,peopleID,magnetometer,937,-3583,5702
234,2018-10-19,MagLaBeL,meta-meta,peopleID,magnetometer,911,-3593,5667
235,2018-10-19,MagLaBeL,meta-meta,peopleID,magnetometer,904,-3606,5705
236,2018-10-19,MagLaBeL,meta-meta,peopleID,magnetometer,951,-3561,5640
237,2018-10-19,MagLaBeL,meta-meta,peopleID,magnetometer,909,-3535,5649
238,2018-10-19,MagLaBeL,meta-meta,peopleID,magnetometer,941,-3536,5667
239,2018-10-19,MagLaBeL,meta-meta,peopleID,magnetometer,953,-3548,5677
240,2018-10-19,MagLaBeL,meta-meta,peopleID,magnetometer,946,-3544,5658
241,2018-10-19,MagLaBeL,meta-meta,peopleID,magnetometer,954,-3551,5664
242,2018-10-19,MagLaBeL,meta-meta,peopleID,magnetometer,979,-3581,5624
243,2018-10-19,MagLaBeL,meta-meta,peopleID,magnetometer,963,-3548,5647
244,2018-10-19,MagLaBeL,meta-meta,peopleID,magnetometer,994,-3565,5614
245,2018-10-19,MagLaBeL,meta-meta,peopleID,magnetometer,992,-3560,5597
246,2018-10-19,MagLaBeL,meta-meta,peopleID,magnetometer,991,-3538,5574
247,2018-10-19,MagLaBeL,meta-meta,peopleID,magnetometer,1020,-3573,5620
248,2018-10-19,MagLaBeL,meta-meta,peopleID,magnetometer,1008,-3592,5612
249,2018-10-19,MagLaBeL,meta-meta,peopleID,magnetometer,998,-3251,5719
250,2018-10-19,MagLaBeL,meta-meta,peopleID,magnetometer,999,-3199,5705
251,2018-10-19,MagLaBeL,meta-meta,peopleID,magnetometer,1002,-3200,5703
252,2018-10-19,MagLaBeL,meta-meta,peopleID,magnetometer,1015,-3191,5741
253,2018-10-19,MagLaBeL,meta-meta,peopleID,magnetometer,1015,-3157,5722
254,2018-10-19,MagLaBeL,meta-meta,peopleID,magnetometer,1014,-3190,5738
255,2018-10-19,MagLaBeL,meta-meta,peopleID,magnetometer,969,-3191,5777
256,2018-10-19,MagLaBeL,meta-meta,peopleID,magnetometer,949,-3226,5781
257,2018-10-19,MagLaBeL,meta-meta,peopleID,magnetometer,951,-3240,5773
258,2018-10-19,MagLaBeL,meta-meta,peopleID,magnetometer,945,-3242,5778
259,2018-10-19,MagLaBeL,meta-meta,peopleID,magnetometer,893,-3272,5770
260,2018-10-19,MagLaBeL,meta-meta,peopleID,magnetometer,877,-3274,5818
261,2018-10-19,MagLaBeL,meta-meta,peopleID,magnetometer,880,-3307,5825
262,2018-10-19,MagLaBeL,meta-meta,peopleID,magnetometer,876,-3339,5748
263,2018-10-19,MagLaBeL,meta-meta,peopleID,magnetometer,878,-3410,5687
264,2018-10-19,MagLaBeL,meta-meta,peopleID,magnetometer,928,-3558,5744
265,2018-10-19,MagLaBeL,meta-meta,peopleID,magnetometer,948,-3659,5714
266,2018-10-19,MagLaBeL,meta-meta,peopleID,magnetometer,994,-3778,5724
267,2018-10-19,MagLaBeL,meta-meta,peopleID,magnetometer,1049,-3829,5662
268,2018-10-19,MagLaBeL,meta-meta,peopleID,magnetometer,1084,-3905,5656
269,2018-10-19,MagLaBeL,meta-meta,peopleID,magnetometer,1130,-3999,5656
270,2018-10-19,MagLaBeL,meta-meta,peopleID,magnetometer,1130,-4080,5613
271,2018-10-19,MagLaBeL,meta-meta,peopleID,magnetometer,1162,-4157,5630
272,2018-10-19,MagLaBeL,meta-meta,peopleID,magnetometer,1206,-4227,5681
273,2018-10-19,MagLaBeL,meta-meta,peopleID,magnetometer,1198,-4284,5676
274,2018-10-19,MagLaBeL,meta-meta,peopleID,magnetometer,1192,-4300,5728
275,2018-10-19,MagLaBeL,meta-meta,peopleID,magnetometer,1161,-4352,5682
276,2018-10-19,MagLaBeL,meta-meta,peopleID,magnetometer,1150,-4344,5694
277,2018-10-19,MagLaBeL,meta-meta,peopleID,magnetometer,1162,-4385,5706
278,2018-10-19,MagLaBeL,meta-meta,peopleID,magnetometer,1158,-4395,5686
279,2018-10-19,MagLaBeL,meta-meta,peopleID,magnetometer,826,-4050,5436
280,2018-10-19,MagLaBeL,meta-meta,peopleID,magnetometer,848,-4074,5477
281,2018-10-19,MagLaBeL,meta-meta,peopleID,magnetometer,835,-4056,5502
282,2018-10-19,MagLaBeL,meta-meta,peopleID,magnetometer,816,-4052,5522
283,2018-10-19,MagLaBeL,meta-meta,peopleID,magnetometer,807,-4037,5531
284,2018-10-19,MagLaBeL,meta-meta,peopleID,magnetometer,813,-4037,5542
285,2018-10-19,MagLaBeL,meta-meta,peopleID,magnetometer,807,-4038,5478
286,2018-10-19,MagLaBeL,meta-meta,peopleID,magnetometer,805,-4017,5469
287,2018-10-19,MagLaBeL,meta-meta,peopleID,magnetometer,801,-4022,5520
288,2018-10-19,MagLaBeL,meta-meta,peopleID,magnetometer,814,-4019,5473
289,2018-10-19,MagLaBeL,meta-meta,peopleID,magnetometer,796,-4005,5470
290,2018-10-19,MagLaBeL,meta-meta,peopleID,magnetometer,798,-4023,5480
291,2018-10-19,MagLaBeL,meta-meta,peopleID,magnetometer,793,-3997,5492
292,2018-10-19,MagLaBeL,meta-meta,peopleID,magnetometer,797,-4028,5437
293,2018-10-19,MagLaBeL,meta-meta,peopleID,magnetometer,804,-3990,5470
294,2018-10-19,MagLaBeL,meta-meta,peopleID,magnetometer,823,-4012,5450
295,2018-10-19,MagLaBeL,meta-meta,peopleID,magnetometer,812,-3972,5483
296,2018-10-19,MagLaBeL,meta-meta,peopleID,magnetometer,831,-4019,5415
297,2018-10-19,MagLaBeL,meta-meta,peopleID,magnetometer,805,-4020,5439
298,2018-10-19,MagLaBeL,meta-meta,peopleID,magnetometer,780,-4047,5421
299,2018-10-19,MagLaBeL,meta-meta,peopleID,magnetometer,816,-3974,5427
300,2018-10-19,MagLaBeL,meta-meta,peopleID,magnetometer,806,-4010,5481
301,2018-10-19,MagLaBeL,meta-meta,peopleID,magnetometer,830,-4029,5479
302,2018-10-19,MagLaBeL,meta-meta,peopleID,magnetometer,827,-4012,5469
303,2018-10-19,MagLaBeL,meta-meta,peopleID,magnetometer,819,-3982,5453
304,2018-10-19,MagLaBeL,meta-meta,peopleID,magnetometer,833,-3995,5436
305,2018-10-19,MagLaBeL,meta-meta,peopleID,magnetometer,816,-4018,5415
306,2018-10-19,MagLaBeL,meta-meta,peopleID,magnetometer,840,-4003,5450
307,2018-10-19,MagLaBeL,meta-meta,peopleID,magnetometer,823,-4001,5499
308,2018-10-19,MagLaBeL,meta-meta,peopleID,magnetometer,835,-4011,5452
309,2018-10-19,MagLaBeL,meta-meta,peopleID,magnetometer,929,-4274,5483
310,2018-10-19,MagLaBeL,meta-meta,peopleID,magnetometer,944,-4305,5458
311,2018-10-19,MagLaBeL,meta-meta,peopleID,magnetometer,978,-4403,5419
312,2018-10-19,MagLaBeL,meta-meta,peopleID,magnetometer,1045,-4508,5437
313,2018-10-19,MagLaBeL,meta-meta,peopleID,magnetometer,1120,-4609,5465
314,2018-10-19,MagLaBeL,meta-meta,peopleID,magnetometer,1131,-4697,5489
315,2018-10-19,MagLaBeL,meta-meta,peopleID,magnetometer,1158,-4738,5499
316,2018-10-19,MagLaBeL,meta-meta,peopleID,magnetometer,1164,-4733,5490
317,2018-10-19,MagLaBeL,meta-meta,peopleID,magnetometer,1187,-4784,5478
318,2018-10-19,MagLaBeL,meta-meta,peopleID,magnetometer,1144,-4782,5494
319,2018-10-19,MagLaBeL,meta-meta,peopleID,magnetometer,1202,-4844,5442
320,2018-10-19,MagLaBeL,meta-meta,peopleID,magnetometer,1204,-4863,5507
321,2018-10-19,MagLaBeL,meta-meta,peopleID,magnetometer,1212,-4914,5485
322,2018-10-19,MagLaBeL,meta-meta,peopleID,magnetometer,1192,-4902,5558
323,2018-10-19,MagLaBeL,meta-meta,peopleID,magnetometer,1202,-4912,5536
324,2018-10-19,MagLaBeL,meta-meta,peopleID,magnetometer,1219,-4960,5564
325,2018-10-19,MagLaBeL,meta-meta,peopleID,magnetometer,1157,-4934,5573
326,2018-10-19,MagLaBeL,meta-meta,peopleID,magnetometer,1136,-4882,5537
327,2018-10-19,MagLaBeL,meta-meta,peopleID,magnetometer,1085,-4849,5561
328,2018-10-19,MagLaBeL,meta-meta,peopleID,magnetometer,1046,-4820,5609
329,2018-10-19,MagLaBeL,meta-meta,peopleID,magnetometer,955,-4777,5602
330,2018-10-19,MagLaBeL,meta-meta,peopleID,magnetometer,944,-4734,5651
331,2018-10-19,MagLaBeL,meta-meta,peopleID,magnetometer,874,-4726,5685
332,2018-10-19,MagLaBeL,meta-meta,peopleID,magnetometer,821,-4723,5692
333,2018-10-19,MagLaBeL,meta-meta,peopleID,magnetometer,804,-4707,5716
334,2018-10-19,MagLaBeL,meta-meta,peopleID,magnetometer,782,-4678,5705
335,2018-10-19,MagLaBeL,meta-meta,peopleID,magnetometer,708,-4667,5725
336,2018-10-19,MagLaBeL,meta-meta,peopleID,magnetometer,700,-4606,5813
337,2018-10-19,MagLaBeL,meta-meta,peopleID,magnetometer,704,-4610,5846
338,2018-10-19,MagLaBeL,meta-meta,peopleID,magnetometer,721,-4545,5861
339,2018-10-19,MagLaBeL,meta-meta,peopleID,magnetometer,961,-3868,6142
340,2018-10-19,MagLaBeL,meta-meta,peopleID,magnetometer,979,-3826,6185
341,2018-10-19,MagLaBeL,meta-meta,peopleID,magnetometer,1008,-3803,6181
342,2018-10-19,MagLaBeL,meta-meta,peopleID,magnetometer,979,-3732,6175
343,2018-10-19,MagLaBeL,meta-meta,peopleID,magnetometer,1034,-3822,6253
344,2018-10-19,MagLaBeL,meta-meta,peopleID,magnetometer,1036,-3862,6264
345,2018-10-19,MagLaBeL,meta-meta,peopleID,magnetometer,1020,-3875,6264
346,2018-10-19,MagLaBeL,meta-meta,peopleID,magnetometer,1025,-3856,6292
347,2018-10-19,MagLaBeL,meta-meta,peopleID,magnetometer,1029,-3854,6235
348,2018-10-19,MagLaBeL,meta-meta,peopleID,magnetometer,1072,-3859,6248
349,2018-10-19,MagLaBeL,meta-meta,peopleID,magnetometer,1064,-3875,6278
350,2018-10-19,MagLaBeL,meta-meta,peopleID,magnetometer,1097,-3914,6240
351,2018-10-19,MagLaBeL,meta-meta,peopleID,magnetometer,1110,-3882,6285
352,2018-10-19,MagLaBeL,meta-meta,peopleID,magnetometer,1078,-3898,6254
353,2018-10-19,MagLaBeL,meta-meta,peopleID,magnetometer,1094,-3880,6244
354,2018-10-19,MagLaBeL,meta-meta,peopleID,magnetometer,1064,-3853,6273
355,2018-10-19,MagLaBeL,meta-meta,peopleID,magnetometer,1035,-3835,6318
356,2018-10-19,MagLaBeL,meta-meta,peopleID,magnetometer,1106,-3877,6275
357,2018-10-19,MagLaBeL,meta-meta,peopleID,magnetometer,1069,-3855,6270
358,2018-10-19,MagLaBeL,meta-meta,peopleID,magnetometer,1046,-3873,6302
359,2018-10-19,MagLaBeL,meta-meta,peopleID,magnetometer,1067,-3826,6297
360,2018-10-19,MagLaBeL,meta-meta,peopleID,magnetometer,1023,-3791,6358
361,2018-10-19,MagLaBeL,meta-meta,peopleID,magnetometer,1027,-3778,6335
362,2018-10-19,MagLaBeL,meta-meta,peopleID,magnetometer,1042,-3781,6284
363,2018-10-19,MagLaBeL,meta-meta,peopleID,magnetometer,1027,-3787,6302
364,2018-10-19,MagLaBeL,meta-meta,peopleID,magnetometer,1030,-3800,6334
365,2018-10-19,MagLaBeL,meta-meta,peopleID,magnetometer,1050,-3792,6335
366,2018-10-19,MagLaBeL,meta-meta,peopleID,magnetometer,1045,-3767,6326
367,2018-10-19,MagLaBeL,meta-meta,peopleID,magnetometer,1022,-3797,6372
368,2018-10-19,MagLaBeL,meta-meta,peopleID,magnetometer,1052,-3765,6367
369,2018-10-19,MagLaBeL,meta-meta,peopleID,magnetometer,1082,-3796,6327
370,2018-10-19,MagLaBeL,meta-meta,peopleID,magnetometer,1067,-3740,6291
371,2018-10-19,MagLaBeL,meta-meta,peopleID,magnetometer,1041,-3776,6330
372,2018-10-19,MagLaBeL,meta-meta,peopleID,magnetometer,1034,-3783,6344
373,2018-10-19,MagLaBeL,meta-meta,peopleID,magnetometer,1077,-3769,6295
374,2018-10-19,MagLaBeL,meta-meta,peopleID,magnetometer,1094,-3745,6340
375,2018-10-19,MagLaBeL,meta-meta,peopleID,magnetometer,1089,-3796,6284
376,2018-10-19,MagLaBeL,meta-meta,peopleID,magnetometer,1046,-3746,6309
377,2018-10-19,MagLaBeL,meta-meta,peopleID,magnetometer,1050,-3767,6345
378,2018-10-19,MagLaBeL,meta-meta,peopleID,magnetometer,1065,-3793,6330
379,2018-10-19,MagLaBeL,meta-meta,peopleID,magnetometer,1062,-3792,6330
380,2018-10-19,MagLaBeL,meta-meta,peopleID,magnetometer,1060,-3769,6320
381,2018-10-19,MagLaBeL,meta-meta,peopleID,magnetometer,1055,-3806,6284
382,2018-10-19,MagLaBeL,meta-meta,peopleID,magnetometer,1065,-3766,6331
383,2018-10-19,MagLaBeL,meta-meta,peopleID,magnetometer,1082,-3779,6343
384,2018-10-19,MagLaBeL,meta-meta,peopleID,magnetometer,1064,-3762,6327
385,2018-10-19,MagLaBeL,meta-meta,peopleID,magnetometer,1099,-3779,6275
386,2018-10-19,MagLaBeL,meta-meta,peopleID,magnetometer,1054,-3767,6315
387,2018-10-19,MagLaBeL,meta-meta,peopleID,magnetometer,1080,-3791,6293
388,2018-10-19,MagLaBeL,meta-meta,peopleID,magnetometer,1071,-3781,6354
389,2018-10-19,MagLaBeL,meta-meta,peopleID,magnetometer,1056,-3744,6317
390,2018-10-19,MagLaBeL,meta-meta,peopleID,magnetometer,1057,-3784,6313
391,2018-10-19,MagLaBeL,meta-meta,peopleID,magnetometer,1092,-3759,6337
392,2018-10-19,MagLaBeL,meta-meta,peopleID,magnetometer,1094,-3765,6345
393,2018-10-19,MagLaBeL,meta-meta,peopleID,magnetometer,1073,-3668,6320
394,2018-10-19,MagLaBeL,meta-meta,peopleID,magnetometer,1038,-3529,6358
395,2018-10-19,MagLaBeL,meta-meta,peopleID,magnetometer,1066,-3320,6369
396,2018-10-19,MagLaBeL,meta-meta,peopleID,magnetometer,1084,-3133,6378
397,2018-10-19,MagLaBeL,meta-meta,peopleID,magnetometer,1109,-2914,6442
398,2018-10-19,MagLaBeL,meta-meta,peopleID,magnetometer,1200,-2732,6417
399,2018-10-19,MagLaBeL,meta-meta,peopleID,magnetometer,1915,-1906,6414
400,2018-10-19,MagLaBeL,meta-meta,peopleID,magnetometer,1967,-1862,6408
401,2018-10-19,MagLaBeL,meta-meta,peopleID,magnetometer,2009,-1835,6431
402,2018-10-19,MagLaBeL,meta-meta,peopleID,magnetometer,2019,-1844,6421
403,2018-10-19,MagLaBeL,meta-meta,peopleID,magnetometer,2082,-1791,6432
404,2018-10-19,MagLaBeL,meta-meta,peopleID,magnetometer,2136,-1813,6425
405,2018-10-19,MagLaBeL,meta-meta,peopleID,magnetometer,2179,-1772,6409
406,2018-10-19,MagLaBeL,meta-meta,peopleID,magnetometer,2231,-1760,6381
407,2018-10-19,MagLaBeL,meta-meta,peopleID,magnetometer,2274,-1756,6413
408,2018-10-19,MagLaBeL,meta-meta,peopleID,magnetometer,2348,-1760,6412
409,2018-10-19,MagLaBeL,meta-meta,peopleID,magnetometer,2394,-1749,6311
410,2018-10-19,MagLaBeL,meta-meta,peopleID,magnetometer,2459,-1749,6351
411,2018-10-19,MagLaBeL,meta-meta,peopleID,magnetometer,2458,-1695,6295
412,2018-10-19,MagLaBeL,meta-meta,peopleID,magnetometer,2534,-1718,6359
413,2018-10-19,MagLaBeL,meta-meta,peopleID,magnetometer,2529,-1719,6286
414,2018-10-19,MagLaBeL,meta-meta,peopleID,magnetometer,2570,-1717,6313
415,2018-10-19,MagLaBeL,meta-meta,peopleID,magnetometer,2644,-1715,6285
416,2018-10-19,MagLaBeL,meta-meta,peopleID,magnetometer,2646,-1717,6296
417,2018-10-19,MagLaBeL,meta-meta,peopleID,magnetometer,2668,-1708,6219
418,2018-10-19,MagLaBeL,meta-meta,peopleID,magnetometer,2685,-1701,6203
419,2018-10-19,MagLaBeL,meta-meta,peopleID,magnetometer,2723,-1687,6202
420,2018-10-19,MagLaBeL,meta-meta,peopleID,magnetometer,2717,-1663,6249
421,2018-10-19,MagLaBeL,meta-meta,peopleID,magnetometer,2780,-1694,6260
422,2018-10-19,MagLaBeL,meta-meta,peopleID,magnetometer,2796,-1664,6225
423,2018-10-19,MagLaBeL,meta-meta,peopleID,magnetometer,2790,-1674,6194
424,2018-10-19,MagLaBeL,meta-meta,peopleID,magnetometer,2842,-1667,6193
425,2018-10-19,MagLaBeL,meta-meta,peopleID,magnetometer,2884,-1655,6154
426,2018-10-19,MagLaBeL,meta-meta,peopleID,magnetometer,2878,-1641,6202
427,2018-10-19,MagLaBeL,meta-meta,peopleID,magnetometer,2865,-1643,6215
428,2018-10-19,MagLaBeL,meta-meta,peopleID,magnetometer,2846,-1628,6254
429,2018-10-19,MagLaBeL,meta-meta,peopleID,magnetometer,2615,-1636,6235
430,2018-10-19,MagLaBeL,meta-meta,peopleID,magnetometer,2617,-1647,6250
431,2018-10-19,MagLaBeL,meta-meta,peopleID,magnetometer,2589,-1649,6238
432,2018-10-19,MagLaBeL,meta-meta,peopleID,magnetometer,2644,-1620,6234
433,2018-10-19,MagLaBeL,meta-meta,peopleID,magnetometer,2599,-1656,6203
434,2018-10-19,MagLaBeL,meta-meta,peopleID,magnetometer,2618,-1621,6242
435,2018-10-19,MagLaBeL,meta-meta,peopleID,magnetometer,2572,-1621,6211
436,2018-10-19,MagLaBeL,meta-meta,peopleID,magnetometer,2579,-1611,6214
437,2018-10-19,MagLaBeL,meta-meta,peopleID,magnetometer,2590,-1583,6246
438,2018-10-19,MagLaBeL,meta-meta,peopleID,magnetometer,2520,-1573,6219
439,2018-10-19,MagLaBeL,meta-meta,peopleID,magnetometer,2477,-1567,6202
440,2018-10-19,MagLaBeL,meta-meta,peopleID,magnetometer,2472,-1560,6234
441,2018-10-19,MagLaBeL,meta-meta,peopleID,magnetometer,2424,-1584,6240
442,2018-10-19,MagLaBeL,meta-meta,peopleID,magnetometer,2389,-1580,6234
443,2018-10-19,MagLaBeL,meta-meta,peopleID,magnetometer,2363,-1631,6237
444,2018-10-19,MagLaBeL,meta-meta,peopleID,magnetometer,2364,-1609,6241
445,2018-10-19,MagLaBeL,meta-meta,peopleID,magnetometer,2363,-1611,6250
446,2018-10-19,MagLaBeL,meta-meta,peopleID,magnetometer,2382,-1566,6211
447,2018-10-19,MagLaBeL,meta-meta,peopleID,magnetometer,2383,-1603,6260
448,2018-10-19,MagLaBeL,meta-meta,peopleID,magnetometer,2406,-1572,6239
449,2018-10-19,MagLaBeL,meta-meta,peopleID,magnetometer,2373,-1538,6258
450,2018-10-19,MagLaBeL,meta-meta,peopleID,magnetometer,2400,-1572,6235
451,2018-10-19,MagLaBeL,meta-meta,peopleID,magnetometer,2382,-1596,6230
452,2018-10-19,MagLaBeL,meta-meta,peopleID,magnetometer,2389,-1575,6294
453,2018-10-19,MagLaBeL,meta-meta,peopleID,magnetometer,2395,-1540,6204
454,2018-10-19,MagLaBeL,meta-meta,peopleID,magnetometer,2391,-1555,6269
455,2018-10-19,MagLaBeL,meta-meta,peopleID,magnetometer,2404,-1536,6288
456,2018-10-19,MagLaBeL,meta-meta,peopleID,magnetometer,2387,-1545,6229
457,2018-10-19,MagLaBeL,meta-meta,peopleID,magnetometer,2386,-1602,6214
458,2018-10-19,MagLaBeL,meta-meta,peopleID,magnetometer,2349,-1573,6206
459,2018-10-19,"standard sitting, simple rolling",,,magnetometer,1284,-3620,6588
460,2018-10-19,"standard sitting, simple rolling",,,magnetometer,1240,-3642,6570
461,2018-10-19,"standard sitting, simple rolling",,,magnetometer,1243,-3644,6586
462,2018-10-19,"standard sitting, simple rolling",,,magnetometer,1245,-3627,6616
463,2018-10-19,"standard sitting, simple rolling",,,magnetometer,1229,-3607,6573
464,2018-10-19,"standard sitting, simple rolling",,,magnetometer,1247,-3526,6576
465,2018-10-19,"standard sitting, simple rolling",,,magnetometer,1228,-3401,6627
466,2018-10-19,"standard sitting, simple rolling",,,magnetometer,1228,-3274,6628
467,2018-10-19,"standard sitting, simple rolling",,,magnetometer,1242,-3129,6691
468,2018-10-19,"standard sitting, simple rolling",,,magnetometer,1298,-2880,6706
469,2018-10-19,"standard sitting, simple rolling",,,magnetometer,1436,-2655,6704
470,2018-10-19,"standard sitting, simple rolling",,,magnetometer,1597,-2499,6694
471,2018-10-19,"standard sitting, simple rolling",,,magnetometer,1732,-2372,6716
472,2018-10-19,"standard sitting, simple rolling",,,magnetometer,1809,-2265,6663
473,2018-10-19,"standard sitting, simple rolling",,,magnetometer,1877,-2222,6744
474,2018-10-19,"standard sitting, simple rolling",,,magnetometer,1959,-2200,6716
475,2018-10-19,"standard sitting, simple rolling",,,magnetometer,2080,-2153,6710
476,2018-10-19,"standard sitting, simple rolling",,,magnetometer,2232,-2152,6641
477,2018-10-19,"standard sitting, simple rolling",,,magnetometer,2348,-2112,6605
478,2018-10-19,"standard sitting, simple rolling",,,magnetometer,2467,-2123,6556
479,2018-10-19,"standard sitting, simple rolling",,,magnetometer,2740,-2156,6452
480,2018-10-19,"standard sitting, simple rolling",,,magnetometer,2761,-2141,6420
481,2018-10-19,"standard sitting, simple rolling",,,magnetometer,2862,-2155,6367
482,2018-10-19,"standard sitting, simple rolling",,,magnetometer,2938,-2177,6339
483,2018-10-19,"standard sitting, simple rolling",,,magnetometer,2981,-2178,6362
484,2018-10-19,"standard sitting, simple rolling",,,magnetometer,3041,-2202,6286
485,2018-10-19,"standard sitting, simple rolling",,,magnetometer,3091,-2265,6269
486,2018-10-19,"standard sitting, simple rolling",,,magnetometer,3189,-2283,6289
487,2018-10-19,"standard sitting, simple rolling",,,magnetometer,3373,-2379,6213
488,2018-10-19,"standard sitting, simple rolling",,,magnetometer,3385,-2437,6195
489,2018-10-19,"standard sitting, simple rolling",,,magnetometer,3436,-2515,6187
490,2018-10-19,"standard sitting, simple rolling",,,magnetometer,3428,-2487,6197
491,2018-10-19,"standard sitting, simple rolling",,,magnetometer,3518,-2574,6251
492,2018-10-19,"standard sitting, simple rolling",,,magnetometer,3628,-2721,6170
493,2018-10-19,"standard sitting, simple rolling",,,magnetometer,3685,-2940,6181
494,2018-10-19,"standard sitting, simple rolling",,,magnetometer,3787,-3375,6144
495,2018-10-19,"standard sitting, simple rolling",,,magnetometer,3734,-3915,6114
496,2018-10-19,"standard sitting, simple rolling",,,magnetometer,3575,-4329,6095
497,2018-10-19,"standard sitting, simple rolling",,,magnetometer,3404,-4594,6149
498,2018-10-19,"standard sitting, simple rolling",,,magnetometer,3256,-4831,6122
499,2018-10-19,"standard sitting, simple rolling",,,magnetometer,2279,-5122,6224
500,2018-10-19,"standard sitting, simple rolling",,,magnetometer,1859,-4994,6348
501,2018-10-19,"standard sitting, simple rolling",,,magnetometer,1583,-4838,6413
502,2018-10-19,"standard sitting, simple rolling",,,magnetometer,1377,-4658,6491
503,2018-10-19,"standard sitting, simple rolling",,,magnetometer,1476,-4688,6429
504,2018-10-19,"standard sitting, simple rolling",,,magnetometer,1881,-4980,6321
505,2018-10-19,"standard sitting, simple rolling",,,magnetometer,2424,-5101,6198
506,2018-10-19,"standard sitting, simple rolling",,,magnetometer,3004,-4978,6131
507,2018-10-19,"standard sitting, simple rolling",,,magnetometer,3442,-4678,6143
508,2018-10-19,"standard sitting, simple rolling",,,magnetometer,3554,-4521,6156
509,2018-10-19,"standard sitting, simple rolling",,,magnetometer,3788,-4140,6098
510,2018-10-19,"standard sitting, simple rolling",,,magnetometer,3841,-3636,6159
511,2018-10-19,"standard sitting, simple rolling",,,magnetometer,3686,-3242,6159
512,2018-10-19,"standard sitting, simple rolling",,,magnetometer,3606,-3008,6127
513,2018-10-19,"standard sitting, simple rolling",,,magnetometer,3482,-2691,6209
514,2018-10-19,"standard sitting, simple rolling",,,magnetometer,3245,-2453,6188
515,2018-10-19,"standard sitting, simple rolling",,,magnetometer,2981,-2269,6288
516,2018-10-19,"standard sitting, simple rolling",,,magnetometer,2809,-2210,6293
517,2018-10-19,"standard sitting, simple rolling",,,magnetometer,2627,-2204,6402
518,2018-10-19,"standard sitting, simple rolling",,,magnetometer,2414,-2132,6442
519,2018-10-19,"standard sitting, simple rolling",,,magnetometer,1800,-2123,6660
520,2018-10-19,"standard sitting, simple rolling",,,magnetometer,1561,-2189,6663
521,2018-10-19,"standard sitting, simple rolling",,,magnetometer,1193,-2472,6616
522,2018-10-19,"standard sitting, simple rolling",,,magnetometer,952,-2859,6628
523,2018-10-19,"standard sitting, simple rolling",,,magnetometer,822,-3272,6538
524,2018-10-19,"standard sitting, simple rolling",,,magnetometer,861,-3826,6455
525,2018-10-19,"standard sitting, simple rolling",,,magnetometer,1161,-4469,6345
526,2018-10-19,"standard sitting, simple rolling",,,magnetometer,1722,-4944,6157
527,2018-10-19,"standard sitting, simple rolling",,,magnetometer,2360,-5065,6123
528,2018-10-19,"standard sitting, simple rolling",,,magnetometer,2777,-5001,5997
529,2018-10-19,"standard sitting, simple rolling",,,magnetometer,1897,-5060,6198
530,2018-10-19,"standard sitting, simple rolling",,,magnetometer,1087,-4322,6435
531,2018-10-19,"standard sitting, simple rolling",,,magnetometer,952,-3585,6457
532,2018-10-19,"standard sitting, simple rolling",,,magnetometer,968,-3674,6428
533,2018-10-19,"standard sitting, simple rolling",,,magnetometer,1063,-3647,6558
534,2018-10-19,"standard sitting, simple rolling",,,magnetometer,1086,-3781,6650
535,2018-10-19,"standard sitting, simple rolling",,,magnetometer,1096,-3607,6654
536,2018-10-19,"standard sitting, simple rolling",,,magnetometer,1075,-3610,6667
537,2018-10-19,"standard sitting, simple rolling",,,magnetometer,1116,-3426,6639
538,2018-10-19,"standard sitting, simple rolling",,,magnetometer,1081,-3266,6726
539,2018-10-19,"standard sitting, simple rolling",,,magnetometer,1102,-3400,6712
540,2018-10-19,"standard sitting, simple rolling",,,magnetometer,1058,-3365,6720
541,2018-10-19,"standard sitting, simple rolling",,,magnetometer,1120,-3360,6668
542,2018-10-19,"standard sitting, simple rolling",,,magnetometer,1111,-3405,6746
543,2018-10-19,"standard sitting, simple rolling",,,magnetometer,1068,-3404,6733
544,2018-10-19,"standard sitting, simple rolling",,,magnetometer,1106,-3411,6787
545,2018-10-19,"standard sitting, simple rolling",,,magnetometer,1074,-3402,6752
546,2018-10-19,"standard sitting, simple rolling",,,magnetometer,1103,-3398,6705
547,2018-10-19,"standard sitting, simple rolling",,,magnetometer,1069,-3433,6692
548,2018-10-19,"standard sitting, simple rolling",,,magnetometer,1094,-3400,6678
549,2018-10-19,"standard sitting, simple rolling",,,magnetometer,1098,-3410,6713
550,2018-10-19,"standard sitting, simple rolling",,,magnetometer,1118,-3432,6701
551,2018-10-19,"standard sitting, simple rolling",,,magnetometer,1138,-3421,6723
552,2018-10-19,"standard sitting, simple rolling",,,magnetometer,1058,-3420,6711
553,2018-10-19,"standard sitting, simple rolling",,,magnetometer,1110,-3360,6684
554,2018-10-19,"standard sitting, simple rolling",,,magnetometer,1093,-3436,6692
555,2018-10-19,"standard sitting, simple rolling",,,magnetometer,1132,-3406,6708
556,2018-10-19,"standard sitting, simple rolling",,,magnetometer,1097,-3422,6679
557,2018-10-19,"standard sitting, simple rolling",,,magnetometer,1113,-3713,6645
558,2018-10-19,"standard sitting, simple rolling",,,magnetometer,1154,-3707,6663
559,2018-10-19,"standard sitting, simple rolling",,,magnetometer,1556,-2430,6880
560,2018-10-19,"standard sitting, simple rolling",,,magnetometer,1557,-2406,6775
561,2018-10-19,"standard sitting, simple rolling",,,magnetometer,1119,-3242,6665
562,2018-10-19,"standard sitting, simple rolling",,,magnetometer,1948,-4921,6293
563,2018-10-19,"standard sitting, simple rolling",,,magnetometer,3461,-4653,6175
564,2018-10-19,"standard sitting, simple rolling",,,magnetometer,3824,-3915,6158
565,2018-10-19,"standard sitting, simple rolling",,,magnetometer,3875,-3811,6188
566,2018-10-19,"standard sitting, simple rolling",,,magnetometer,3893,-3815,6174
567,2018-10-19,"standard sitting, simple rolling",,,magnetometer,3866,-3851,6129
568,2018-10-19,"standard sitting, simple rolling",,,magnetometer,3842,-3871,6185
569,2018-10-19,"standard sitting, simple rolling",,,magnetometer,3870,-3820,6183
570,2018-10-19,"standard sitting, simple rolling",,,magnetometer,3877,-3819,6165
571,2018-10-19,"standard sitting, simple rolling",,,magnetometer,3866,-3842,6176
572,2018-10-19,"standard sitting, simple rolling",,,magnetometer,3859,-3861,6152
573,2018-10-19,"standard sitting, simple rolling",,,magnetometer,3876,-3374,6135
574,2018-10-19,"standard sitting, simple rolling",,,magnetometer,3539,-2490,6196
575,2018-10-19,"standard sitting, simple rolling",,,magnetometer,3014,-2148,6261
576,2018-10-19,"standard sitting, simple rolling",,,magnetometer,2636,-2017,6324
577,2018-10-19,"standard sitting, simple rolling",,,magnetometer,2347,-2098,6466
578,2018-10-19,"standard sitting, simple rolling",,,magnetometer,2220,-2113,6529
579,2018-10-19,"standard sitting, simple rolling 1",,,magnetometer,1370,-2676,6373
580,2018-10-19,"standard sitting, simple rolling 1",,,magnetometer,1372,-2678,6424
581,2018-10-19,"standard sitting, simple rolling 1",,,magnetometer,1384,-2671,6413
582,2018-10-19,"standard sitting, simple rolling 1",,,magnetometer,1394,-2692,6400
583,2018-10-19,"standard sitting, simple rolling 1",,,magnetometer,1385,-2704,6417
584,2018-10-19,"standard sitting, simple rolling 1",,,magnetometer,1393,-2702,6451
585,2018-10-19,"standard sitting, simple rolling 1",,,magnetometer,1381,-2670,6395
586,2018-10-19,"standard sitting, simple rolling 1",,,magnetometer,1419,-2621,6437
587,2018-10-19,"standard sitting, simple rolling 1",,,magnetometer,1676,-2350,6363
588,2018-10-19,"standard sitting, simple rolling 1",,,magnetometer,2025,-2015,6294
589,2018-10-19,"standard sitting, simple rolling 1",,,magnetometer,2340,-1845,6268
590,2018-10-19,"standard sitting, simple rolling 1",,,magnetometer,2760,-1733,6225
591,2018-10-19,"standard sitting, simple rolling 1",,,magnetometer,2689,-1774,6207
592,2018-10-19,"standard sitting, simple rolling 1",,,magnetometer,2675,-1747,6264
593,2018-10-19,"standard sitting, simple rolling 1",,,magnetometer,2670,-1763,6259
594,2018-10-19,"standard sitting, simple rolling 1",,,magnetometer,2699,-1765,6282
595,2018-10-19,"standard sitting, simple rolling 1",,,magnetometer,2675,-1786,6283
596,2018-10-19,"standard sitting, simple rolling 1",,,magnetometer,2651,-1780,6293
597,2018-10-19,"standard sitting, simple rolling 1",,,magnetometer,2664,-1803,6226
598,2018-10-19,"standard sitting, simple rolling 1",,,magnetometer,2674,-1800,6272
599,2018-10-19,"standard sitting, simple rolling 1",,,magnetometer,2673,-1794,6198
600,2018-10-19,"standard sitting, simple rolling 1",,,magnetometer,2663,-1778,6232
601,2018-10-19,"standard sitting, simple rolling 1",,,magnetometer,2698,-1742,6218
602,2018-10-19,"standard sitting, simple rolling 1",,,magnetometer,2695,-1760,6226
603,2018-10-19,"standard sitting, simple rolling 1",,,magnetometer,2366,-1857,6296
604,2018-10-19,"standard sitting, simple rolling 1",,,magnetometer,1897,-2165,6405
605,2018-10-19,"standard sitting, simple rolling 1",,,magnetometer,1322,-2494,6547
606,2018-10-19,"standard sitting, simple rolling 1",,,magnetometer,968,-3222,6434
607,2018-10-19,"standard sitting, simple rolling 1",,,magnetometer,1088,-4265,6272
608,2018-10-19,"standard sitting, simple rolling 1",,,magnetometer,1552,-4760,6139
609,2018-10-19,"standard sitting, simple rolling 1",,,magnetometer,1898,-4938,6108
610,2018-10-19,"standard sitting, simple rolling 1",,,magnetometer,1952,-4926,6087
611,2018-10-19,"standard sitting, simple rolling 1",,,magnetometer,1979,-4927,6096
612,2018-10-19,"standard sitting, simple rolling 1",,,magnetometer,1969,-4902,6065
613,2018-10-19,"standard sitting, simple rolling 1",,,magnetometer,1986,-4914,6078
614,2018-10-19,"standard sitting, simple rolling 1",,,magnetometer,1985,-4925,6100
615,2018-10-19,"standard sitting, simple rolling 1",,,magnetometer,1966,-4924,6051
616,2018-10-19,"standard sitting, simple rolling 1",,,magnetometer,1983,-4949,6091
617,2018-10-19,"standard sitting, simple rolling 1",,,magnetometer,2012,-4942,6091
618,2018-10-19,"standard sitting, simple rolling 1",,,magnetometer,2001,-4910,6035
619,2018-10-19,"standard sitting, simple rolling 1",,,magnetometer,3795,-2897,5980
620,2018-10-19,"standard sitting, simple rolling 1",,,magnetometer,3683,-2612,6110
621,2018-10-19,"standard sitting, simple rolling 1",,,magnetometer,3439,-2281,6080
622,2018-10-19,"standard sitting, simple rolling 1",,,magnetometer,3507,-2243,6133
623,2018-10-19,"standard sitting, simple rolling 1",,,magnetometer,3630,-2300,6066
624,2018-10-19,"standard sitting, simple rolling 1",,,magnetometer,3644,-2349,6070
625,2018-10-19,"standard sitting, simple rolling 1",,,magnetometer,3644,-2324,6085
626,2018-10-19,"standard sitting, simple rolling 1",,,magnetometer,3644,-2411,6069
627,2018-10-19,"standard sitting, simple rolling 1",,,magnetometer,3652,-2380,6080
628,2018-10-19,"standard sitting, simple rolling 1",,,magnetometer,3628,-2390,6068
629,2018-10-19,"standard sitting, simple rolling 1",,,magnetometer,3620,-2404,6077
630,2018-10-19,"standard sitting, simple rolling 1",,,magnetometer,3652,-2360,6034
631,2018-10-19,"standard sitting, simple rolling 1",,,magnetometer,3661,-2373,6092
632,2018-10-19,"standard sitting, simple rolling 1",,,magnetometer,3656,-2386,6074
633,2018-10-19,"standard sitting, simple rolling 1",,,magnetometer,3694,-2359,6049
634,2018-10-19,"standard sitting, simple rolling 1",,,magnetometer,3680,-2380,6039
635,2018-10-19,"standard sitting, simple rolling 1",,,magnetometer,3465,-2141,6068
636,2018-10-19,"standard sitting, simple rolling 1",,,magnetometer,3137,-1862,6128
637,2018-10-19,"standard sitting, simple rolling 1",,,magnetometer,2752,-1774,6197
638,2018-10-19,"standard sitting, simple rolling 1",,,magnetometer,2567,-1775,6269
639,2018-10-19,"standard sitting, simple rolling 1",,,magnetometer,2301,-1855,6291
640,2018-10-19,"standard sitting, simple rolling 1",,,magnetometer,2300,-1873,6282
641,2018-10-19,"standard sitting, simple rolling 1",,,magnetometer,2300,-1833,6299
642,2018-10-19,"standard sitting, simple rolling 1",,,magnetometer,2278,-1841,6316
643,2018-10-19,"standard sitting, simple rolling 1",,,magnetometer,2254,-1840,6337
644,2018-10-19,"standard sitting, simple rolling 1",,,magnetometer,2270,-1829,6313
645,2018-10-19,"standard sitting, simple rolling 1",,,magnetometer,2259,-1857,6302
646,2018-10-19,"standard sitting, simple rolling 1",,,magnetometer,2266,-1860,6280
647,2018-10-19,"standard sitting, simple rolling 1",,,magnetometer,2268,-1836,6294
648,2018-10-19,"standard sitting, simple rolling 1",,,magnetometer,2263,-1836,6263
649,2018-10-19,"standard sitting, simple rolling 1",,,magnetometer,2266,-1841,6286
650,2018-10-19,"standard sitting, simple rolling 1",,,magnetometer,2251,-1816,6318
651,2018-10-19,"standard sitting, simple rolling 1",,,magnetometer,2258,-1820,6323
652,2018-10-19,"standard sitting, simple rolling 1",,,magnetometer,2265,-1832,6307
653,2018-10-19,"standard sitting, simple rolling 1",,,magnetometer,2225,-1844,6333
654,2018-10-19,"standard sitting, simple rolling 1",,,magnetometer,1943,-1943,6369
655,2018-10-19,"standard sitting, simple rolling 1",,,magnetometer,1660,-2196,6403
656,2018-10-19,"standard sitting, simple rolling 1",,,magnetometer,1481,-2306,6487
657,2018-10-19,"standard sitting, simple rolling 1",,,magnetometer,1362,-2505,6374
658,2018-10-19,"standard sitting, simple rolling 1",,,magnetometer,1226,-2681,6380
659,2018-10-19,"standard sitting, simple rolling 1",,,magnetometer,1104,-3098,6399
660,2018-10-19,"standard sitting, simple rolling 1",,,magnetometer,1153,-2933,6420
661,2018-10-19,"standard sitting, simple rolling 1",,,magnetometer,1114,-2921,6575
662,2018-10-19,"standard sitting, simple rolling 1",,,magnetometer,1026,-2862,6625
663,2018-10-19,"standard sitting, simple rolling 1",,,magnetometer,963,-2817,6926
664,2018-10-19,"standard sitting, simple rolling 1",,,magnetometer,875,-3009,7189
665,2018-10-19,"standard sitting, simple rolling 1",,,magnetometer,866,-3066,7367
666,2018-10-19,"standard sitting, simple rolling 1",,,magnetometer,916,-3031,7304
667,2018-10-19,"standard sitting, simple rolling 1",,,magnetometer,907,-3053,7304
668,2018-10-19,"standard sitting, simple rolling 1",,,magnetometer,884,-3031,7289
669,2018-10-19,"standard sitting, simple rolling 1",,,magnetometer,882,-3000,7325
670,2018-10-19,"standard sitting, simple rolling 1",,,magnetometer,871,-3077,7283
671,2018-10-19,"standard sitting, simple rolling 1",,,magnetometer,844,-3018,7306
672,2018-10-19,"standard sitting, simple rolling 1",,,magnetometer,890,-3037,7284
673,2018-10-19,"standard sitting, simple rolling 1",,,magnetometer,927,-3068,7292
674,2018-10-19,"standard sitting, simple rolling 1",,,magnetometer,878,-3039,7346
675,2018-10-19,"standard sitting, simple rolling 1",,,magnetometer,851,-3076,7311
676,2018-10-19,"standard sitting, simple rolling 1",,,magnetometer,885,-3080,7326
677,2018-10-19,"standard sitting, simple rolling 1",,,magnetometer,872,-3062,7352
678,2018-10-19,"standard sitting, simple rolling 1",,,magnetometer,877,-3060,7311
679,2018-10-19,"standard sitting, simple rolling 1",,,magnetometer,840,-3535,7256
680,2018-10-19,"standard sitting, simple rolling 1",,,magnetometer,996,-4115,7121
681,2018-10-19,"standard sitting, simple rolling 1",,,magnetometer,1295,-4591,6967
682,2018-10-19,"standard sitting, simple rolling 1",,,magnetometer,1623,-4876,6840
683,2018-10-19,"standard sitting, simple rolling 1",,,magnetometer,2121,-5114,6686
684,2018-10-19,"standard sitting, simple rolling 1",,,magnetometer,2548,-5076,6653
685,2018-10-19,"standard sitting, simple rolling 1",,,magnetometer,2829,-5003,6618
686,2018-10-19,"standard sitting, simple rolling 1",,,magnetometer,3119,-4860,6551
687,2018-10-19,"standard sitting, simple rolling 1",,,magnetometer,3320,-4582,6597
688,2018-10-19,"standard sitting, simple rolling 1",,,magnetometer,3288,-4609,6564
689,2018-10-19,"standard sitting, simple rolling 1",,,magnetometer,3332,-4600,6573
690,2018-10-19,"standard sitting, simple rolling 1",,,magnetometer,3304,-4645,6559
691,2018-10-19,"standard sitting, simple rolling 1",,,magnetometer,3297,-4639,6524
692,2018-10-19,"standard sitting, simple rolling 1",,,magnetometer,3273,-4592,6457
693,2018-10-19,"standard sitting, simple rolling 1",,,magnetometer,3282,-4638,6500
694,2018-10-19,"standard sitting, simple rolling 1",,,magnetometer,3078,-4844,6499
695,2018-10-19,"standard sitting, simple rolling 1",,,magnetometer,2691,-5051,6514
696,2018-10-19,"standard sitting, simple rolling 1",,,magnetometer,2176,-5091,6665
697,2018-10-19,"standard sitting, simple rolling 1",,,magnetometer,1682,-4977,6831
698,2018-10-19,"standard sitting, simple rolling 1",,,magnetometer,1328,-4674,6874
699,2018-10-19,"maximum angle, simple rolling 0",,,magnetometer,620,-2790,6474
700,2018-10-19,"maximum angle, simple rolling 0",,,magnetometer,580,-2735,6549
701,2018-10-19,"maximum angle, simple rolling 0",,,magnetometer,564,-2740,6524
702,2018-10-19,"maximum angle, simple rolling 0",,,magnetometer,573,-2749,6477
703,2018-10-19,"maximum angle, simple rolling 0",,,magnetometer,608,-2736,6540
704,2018-10-19,"maximum angle, simple rolling 0",,,magnetometer,622,-2752,6542
705,2018-10-19,"maximum angle, simple rolling 0",,,magnetometer,617,-2776,6566
706,2018-10-19,"maximum angle, simple rolling 0",,,magnetometer,633,-2758,6584
707,2018-10-19,"maximum angle, simple rolling 0",,,magnetometer,587,-2750,6475
708,2018-10-19,"maximum angle, simple rolling 0",,,magnetometer,542,-2892,6456
709,2018-10-19,"maximum angle, simple rolling 0",,,magnetometer,501,-3222,6385
710,2018-10-19,"maximum angle, simple rolling 0",,,magnetometer,496,-3564,6423
711,2018-10-19,"maximum angle, simple rolling 0",,,magnetometer,527,-3851,6319
712,2018-10-19,"maximum angle, simple rolling 0",,,magnetometer,693,-4152,6221
713,2018-10-19,"maximum angle, simple rolling 0",,,magnetometer,852,-4488,6229
714,2018-10-19,"maximum angle, simple rolling 0",,,magnetometer,1031,-4706,6215
715,2018-10-19,"maximum angle, simple rolling 0",,,magnetometer,1188,-4928,6263
716,2018-10-19,"maximum angle, simple rolling 0",,,magnetometer,1244,-5042,6265
717,2018-10-19,"maximum angle, simple rolling 0",,,magnetometer,1418,-5153,6279
718,2018-10-19,"maximum angle, simple rolling 0",,,magnetometer,1557,-5258,6277
719,2018-10-19,"maximum angle, simple rolling 0",,,magnetometer,2025,-5467,6264
720,2018-10-19,"maximum angle, simple rolling 0",,,magnetometer,2192,-5501,6233
721,2018-10-19,"maximum angle, simple rolling 0",,,magnetometer,2332,-5521,6310
722,2018-10-19,"maximum angle, simple rolling 0",,,magnetometer,2444,-5512,6310
723,2018-10-19,"maximum angle, simple rolling 0",,,magnetometer,2478,-5495,6339
724,2018-10-19,"maximum angle, simple rolling 0",,,magnetometer,2524,-5542,6317
725,2018-10-19,"maximum angle, simple rolling 0",,,magnetometer,2564,-5531,6381
726,2018-10-19,"maximum angle, simple rolling 0",,,magnetometer,2550,-5563,6314
727,2018-10-19,"maximum angle, simple rolling 0",,,magnetometer,2525,-5514,6333
728,2018-10-19,"maximum angle, simple rolling 0",,,magnetometer,2570,-5501,6389
729,2018-10-19,"maximum angle, simple rolling 0",,,magnetometer,2534,-5580,6406
730,2018-10-19,"maximum angle, simple rolling 0",,,magnetometer,2531,-5509,6410
731,2018-10-19,"maximum angle, simple rolling 0",,,magnetometer,2521,-5509,6354
732,2018-10-19,"maximum angle, simple rolling 0",,,magnetometer,2543,-5525,6347
733,2018-10-19,"maximum angle, simple rolling 0",,,magnetometer,2516,-5505,6382
734,2018-10-19,"maximum angle, simple rolling 0",,,magnetometer,2547,-5496,6391
735,2018-10-19,"maximum angle, simple rolling 0",,,magnetometer,2548,-5546,6322
736,2018-10-19,"maximum angle, simple rolling 0",,,magnetometer,2504,-5498,6352
737,2018-10-19,"maximum angle, simple rolling 0",,,magnetometer,2535,-5511,6394
738,2018-10-19,"maximum angle, simple rolling 0",,,magnetometer,2516,-5501,6334
739,2018-10-19,"maximum angle, simple rolling 0",,,magnetometer,2857,-5452,6359
740,2018-10-19,"maximum angle, simple rolling 0",,,magnetometer,3021,-5383,6440
741,2018-10-19,"maximum angle, simple rolling 0",,,magnetometer,3138,-5321,6421
742,2018-10-19,"maximum angle, simple rolling 0",,,magnetometer,3202,-5248,6498
743,2018-10-19,"maximum angle, simple rolling 0",,,magnetometer,3279,-5210,6460
744,2018-10-19,"maximum angle, simple rolling 0",,,magnetometer,3355,-5135,6455
745,2018-10-19,"maximum angle, simple rolling 0",,,magnetometer,3448,-5001,6527
746,2018-10-19,"maximum angle, simple rolling 0",,,magnetometer,3617,-4785,6500
747,2018-10-19,"maximum angle, simple rolling 0",,,magnetometer,3686,-4544,6543
748,2018-10-19,"maximum angle, simple rolling 0",,,magnetometer,3787,-4321,6545
749,2018-10-19,"maximum angle, simple rolling 0",,,magnetometer,3813,-4112,6605
750,2018-10-19,"maximum angle, simple rolling 0",,,magnetometer,3873,-3896,6561
751,2018-10-19,"maximum angle, simple rolling 0",,,magnetometer,3827,-3749,6616
752,2018-10-19,"maximum angle, simple rolling 0",,,magnetometer,3784,-3582,6633
753,2018-10-19,"maximum angle, simple rolling 0",,,magnetometer,3789,-3448,6620
754,2018-10-19,"maximum angle, simple rolling 0",,,magnetometer,3777,-3309,6587
755,2018-10-19,"maximum angle, simple rolling 0",,,magnetometer,3767,-3238,6585
756,2018-10-19,"maximum angle, simple rolling 0",,,magnetometer,3696,-3179,6653
757,2018-10-19,"maximum angle, simple rolling 0",,,magnetometer,3708,-3090,6696
758,2018-10-19,"maximum angle, simple rolling 0",,,magnetometer,3661,-3077,6638
759,2018-10-19,"maximum angle, simple rolling 0",,,magnetometer,3393,-2581,6692
760,2018-10-19,"maximum angle, simple rolling 0",,,magnetometer,3320,-2481,6744
761,2018-10-19,"maximum angle, simple rolling 0",,,magnetometer,3199,-2307,6786
762,2018-10-19,"maximum angle, simple rolling 0",,,magnetometer,3010,-2153,6792
763,2018-10-19,"maximum angle, simple rolling 0",,,magnetometer,2819,-1991,6864
764,2018-10-19,"maximum angle, simple rolling 0",,,magnetometer,2667,-1852,6950
765,2018-10-19,"maximum angle, simple rolling 0",,,magnetometer,2517,-1791,6918
766,2018-10-19,"maximum angle, simple rolling 0",,,magnetometer,2376,-1734,6845
767,2018-10-19,"maximum angle, simple rolling 0",,,magnetometer,2198,-1686,6889
768,2018-10-19,"maximum angle, simple rolling 0",,,magnetometer,1971,-1637,6825
769,2018-10-19,"maximum angle, simple rolling 0",,,magnetometer,1689,-1660,6905
770,2018-10-19,"maximum angle, simple rolling 0",,,magnetometer,1380,-1727,6836
771,2018-10-19,"maximum angle, simple rolling 0",,,magnetometer,1094,-1893,6824
772,2018-10-19,"maximum angle, simple rolling 0",,,magnetometer,869,-2157,6674
773,2018-10-19,"maximum angle, simple rolling 0",,,magnetometer,652,-2452,6645
774,2018-10-19,"maximum angle, simple rolling 0",,,magnetometer,501,-2864,6527
775,2018-10-19,"maximum angle, simple rolling 0",,,magnetometer,415,-3251,6465
776,2018-10-19,"maximum angle, simple rolling 0",,,magnetometer,499,-3664,6395
777,2018-10-19,"maximum angle, simple rolling 0",,,magnetometer,492,-3956,6336
778,2018-10-19,"maximum angle, simple rolling 0",,,magnetometer,571,-4120,6315
779,2018-10-19,"maximum angle, simple rolling 0",,,magnetometer,755,-4430,6330
780,2018-10-19,"maximum angle, simple rolling 0",,,magnetometer,693,-4478,6294
781,2018-10-19,"maximum angle, simple rolling 0",,,magnetometer,748,-4451,6355
782,2018-10-19,"maximum angle, simple rolling 0",,,magnetometer,718,-4466,6309
783,2018-10-19,"maximum angle, simple rolling 0",,,magnetometer,722,-4469,6340
784,2018-10-19,"maximum angle, simple rolling 0",,,magnetometer,732,-4421,6366
785,2018-10-19,"maximum angle, simple rolling 0",,,magnetometer,699,-4436,6400
786,2018-10-19,"maximum angle, simple rolling 0",,,magnetometer,723,-4359,6361
787,2018-10-19,"maximum angle, simple rolling 0",,,magnetometer,733,-4394,6333
788,2018-10-19,"maximum angle, simple rolling 0",,,magnetometer,922,-4749,6276
789,2018-10-19,"maximum angle, simple rolling 0",,,magnetometer,1264,-5081,6276
790,2018-10-19,"maximum angle, simple rolling 0",,,magnetometer,1592,-5313,6278
791,2018-10-19,"maximum angle, simple rolling 0",,,magnetometer,1961,-5451,6305
792,2018-10-19,"maximum angle, simple rolling 0",,,magnetometer,2280,-5512,6318
793,2018-10-19,"maximum angle, simple rolling 0",,,magnetometer,2546,-5492,6365
794,2018-10-19,"maximum angle, simple rolling 0",,,magnetometer,2739,-5434,6421
795,2018-10-19,"maximum angle, simple rolling 0",,,magnetometer,2888,-5348,6454
796,2018-10-19,"maximum angle, simple rolling 0",,,magnetometer,3035,-5296,6441
797,2018-10-19,"maximum angle, simple rolling 0",,,magnetometer,3343,-5436,6550
798,2018-10-19,"maximum angle, simple rolling 0",,,magnetometer,3427,-5405,6680
799,2018-10-19,"maximum angle, simple rolling 0",,,magnetometer,3543,-5312,6624
800,2018-10-19,"maximum angle, simple rolling 0",,,magnetometer,3485,-5285,6651
801,2018-10-19,"maximum angle, simple rolling 0",,,magnetometer,3444,-5274,6623
802,2018-10-19,"maximum angle, simple rolling 0",,,magnetometer,3408,-5207,6508
803,2018-10-19,"maximum angle, simple rolling 0",,,magnetometer,3377,-5126,6501
804,2018-10-19,"maximum angle, simple rolling 0",,,magnetometer,3360,-5079,6495
805,2018-10-19,"maximum angle, simple rolling 0",,,magnetometer,3361,-5050,6485
806,2018-10-19,"maximum angle, simple rolling 0",,,magnetometer,3386,-5057,6514
807,2018-10-19,"maximum angle, simple rolling 0",,,magnetometer,3408,-4996,6525
808,2018-10-19,"maximum angle, simple rolling 0",,,magnetometer,3458,-4957,6522
809,2018-10-19,"maximum angle, simple rolling 0",,,magnetometer,3547,-4751,6546
810,2018-10-19,"maximum angle, simple rolling 0",,,magnetometer,3673,-4491,6556
811,2018-10-19,"maximum angle, simple rolling 0",,,magnetometer,3763,-4274,6625
812,2018-10-19,"maximum angle, simple rolling 0",,,magnetometer,3798,-4091,6623
813,2018-10-19,"maximum angle, simple rolling 0",,,magnetometer,3843,-3947,6686
814,2018-10-19,"maximum angle, simple rolling 0",,,magnetometer,3848,-3793,6670
815,2018-10-19,"maximum angle, simple rolling 0",,,magnetometer,3807,-3666,6679
816,2018-10-19,"maximum angle, simple rolling 0",,,magnetometer,3786,-3527,6682
817,2018-10-19,"maximum angle, simple rolling 0",,,magnetometer,3754,-3391,6705
818,2018-10-19,"maximum angle, simple rolling 0",,,magnetometer,3706,-3143,6651
