id,ax,ay,az,date_created,label,linx,liny,linz,meta_info,people_id,type_sensor
209,0,1568,0,2018-10-19,AccLaBeL,0,0,0,meta-meta,peopleID,accelerometer
210,5056,704,16000,2018-10-19,AccLaBeL,0,0,0,meta-meta,peopleID,accelerometer
211,5024,720,16000,2018-10-19,AccLaBeL,0,0,0,meta-meta,peopleID,accelerometer
212,5088,784,16000,2018-10-19,AccLaBeL,0,0,0,meta-meta,peopleID,accelerometer
213,5088,784,16016,2018-10-19,AccLaBeL,0,0,0,meta-meta,peopleID,accelerometer
214,4976,768,16000,2018-10-19,AccLaBeL,0,0,0,meta-meta,peopleID,accelerometer
215,5024,752,16000,2018-10-19,AccLaBeL,0,0,0,meta-meta,peopleID,accelerometer
216,4960,784,16000,2018-10-19,AccLaBeL,0,0,0,meta-meta,peopleID,accelerometer
217,5040,784,16016,2018-10-19,AccLaBeL,0,0,0,meta-meta,peopleID,accelerometer
218,4272,832,16224,2018-10-19,AccLaBeL,0,0,0,meta-meta,peopleID,accelerometer
219,4240,848,16192,2018-10-19,AccLaBeL,0,0,0,meta-meta,peopleID,accelerometer
220,4160,800,16256,2018-10-19,AccLaBeL,0,0,0,meta-meta,peopleID,accelerometer
221,4256,832,16208,2018-10-19,AccLaBeL,0,0,0,meta-meta,peopleID,accelerometer
222,4304,816,16144,2018-10-19,AccLaBeL,0,0,0,meta-meta,peopleID,accelerometer
223,4384,800,16208,2018-10-19,AccLaBeL,0,0,0,meta-meta,peopleID,accelerometer
224,4480,816,16144,2018-10-19,AccLaBeL,0,0,0,meta-meta,peopleID,accelerometer
225,4560,768,16064,2018-10-19,AccLaBeL,0,0,0,meta-meta,peopleID,accelerometer
226,4544,800,16080,2018-10-19,AccLaBeL,0,0,0,meta-meta,peopleID,accelerometer
227,4512,864,16112,2018-10-19,AccLaBeL,0,0,0,meta-meta,peopleID,accelerometer
228,4416,832,16144,2018-10-19,AccLaBeL,0,0,0,meta-meta,peopleID,accelerometer
229,4480,784,16144,2018-10-19,AccLaBeL,0,0,0,meta-meta,peopleID,accelerometer
230,4400,816,16176,2018-10-19,AccLaBeL,0,0,0,meta-meta,peopleID,accelerometer
231,4368,800,16176,2018-10-19,AccLaBeL,0,0,0,meta-meta,peopleID,accelerometer
232,4368,800,16160,2018-10-19,AccLaBeL,0,0,0,meta-meta,peopleID,accelerometer
233,4400,736,16176,2018-10-19,AccLaBeL,0,0,0,meta-meta,peopleID,accelerometer
234,4256,720,16192,2018-10-19,AccLaBeL,0,0,0,meta-meta,peopleID,accelerometer
235,4096,752,16192,2018-10-19,AccLaBeL,0,0,0,meta-meta,peopleID,accelerometer
236,3952,864,16208,2018-10-19,AccLaBeL,0,0,0,meta-meta,peopleID,accelerometer
237,3744,944,16272,2018-10-19,AccLaBeL,0,0,0,meta-meta,peopleID,accelerometer
238,3552,768,16368,2018-10-19,AccLaBeL,0,0,0,meta-meta,peopleID,accelerometer
239,3488,816,16384,2018-10-19,AccLaBeL,0,0,0,meta-meta,peopleID,accelerometer
240,3280,864,16336,2018-10-19,AccLaBeL,0,0,0,meta-meta,peopleID,accelerometer
241,3152,800,16448,2018-10-19,AccLaBeL,0,0,0,meta-meta,peopleID,accelerometer
242,2896,832,16512,2018-10-19,AccLaBeL,0,0,0,meta-meta,peopleID,accelerometer
243,2592,848,16528,2018-10-19,AccLaBeL,0,0,0,meta-meta,peopleID,accelerometer
244,2336,848,16528,2018-10-19,AccLaBeL,0,0,0,meta-meta,peopleID,accelerometer
245,2096,784,16656,2018-10-19,AccLaBeL,0,0,0,meta-meta,peopleID,accelerometer
246,1552,928,16656,2018-10-19,AccLaBeL,0,0,0,meta-meta,peopleID,accelerometer
247,1264,992,16784,2018-10-19,AccLaBeL,0,0,0,meta-meta,peopleID,accelerometer
248,1808,992,16656,2018-10-19,AccLaBeL,0,0,0,meta-meta,peopleID,accelerometer
249,2432,688,16688,2018-10-19,AccLaBeL,0,0,0,meta-meta,peopleID,accelerometer
250,2512,896,16576,2018-10-19,AccLaBeL,0,0,0,meta-meta,peopleID,accelerometer
251,2816,848,16560,2018-10-19,AccLaBeL,0,0,0,meta-meta,peopleID,accelerometer
252,3168,848,16528,2018-10-19,AccLaBeL,0,0,0,meta-meta,peopleID,accelerometer
253,3504,816,16368,2018-10-19,AccLaBeL,0,0,0,meta-meta,peopleID,accelerometer
254,3808,880,16336,2018-10-19,AccLaBeL,0,0,0,meta-meta,peopleID,accelerometer
255,4256,880,16176,2018-10-19,AccLaBeL,0,0,0,meta-meta,peopleID,accelerometer
256,4352,736,16160,2018-10-19,AccLaBeL,0,0,0,meta-meta,peopleID,accelerometer
257,4528,688,16144,2018-10-19,AccLaBeL,0,0,0,meta-meta,peopleID,accelerometer
258,4640,832,16128,2018-10-19,AccLaBeL,0,0,0,meta-meta,peopleID,accelerometer
259,4736,816,16080,2018-10-19,AccLaBeL,0,0,0,meta-meta,peopleID,accelerometer
260,4800,864,16016,2018-10-19,AccLaBeL,0,0,0,meta-meta,peopleID,accelerometer
261,5072,720,16000,2018-10-19,AccLaBeL,0,0,0,meta-meta,peopleID,accelerometer
262,5200,768,16000,2018-10-19,AccLaBeL,0,0,0,meta-meta,peopleID,accelerometer
263,5312,800,15872,2018-10-19,AccLaBeL,0,0,0,meta-meta,peopleID,accelerometer
264,5296,784,15920,2018-10-19,AccLaBeL,0,0,0,meta-meta,peopleID,accelerometer
265,5520,832,15840,2018-10-19,AccLaBeL,0,0,0,meta-meta,peopleID,accelerometer
266,5632,752,15792,2018-10-19,AccLaBeL,0,0,0,meta-meta,peopleID,accelerometer
267,5712,800,15760,2018-10-19,AccLaBeL,0,0,0,meta-meta,peopleID,accelerometer
268,5808,768,15664,2018-10-19,AccLaBeL,0,0,0,meta-meta,peopleID,accelerometer
269,5792,768,15744,2018-10-19,AccLaBeL,0,0,0,meta-meta,peopleID,accelerometer
270,5856,736,15664,2018-10-19,AccLaBeL,0,0,0,meta-meta,peopleID,accelerometer
271,5968,736,15664,2018-10-19,AccLaBeL,0,0,0,meta-meta,peopleID,accelerometer
272,6048,800,15616,2018-10-19,AccLaBeL,0,0,0,meta-meta,peopleID,accelerometer
273,5984,736,15600,2018-10-19,AccLaBeL,0,0,0,meta-meta,peopleID,accelerometer
274,6112,720,15600,2018-10-19,AccLaBeL,0,0,0,meta-meta,peopleID,accelerometer
275,6112,752,15616,2018-10-19,AccLaBeL,0,0,0,meta-meta,peopleID,accelerometer
276,6176,800,15584,2018-10-19,AccLaBeL,0,0,0,meta-meta,peopleID,accelerometer
277,6112,784,15568,2018-10-19,AccLaBeL,0,0,0,meta-meta,peopleID,accelerometer
278,6000,800,15680,2018-10-19,AccLaBeL,0,0,0,meta-meta,peopleID,accelerometer
279,6224,560,15584,2018-10-19,AccLaBeL,0,0,0,meta-meta,peopleID,accelerometer
280,6272,624,15568,2018-10-19,AccLaBeL,0,0,0,meta-meta,peopleID,accelerometer
281,6272,688,15520,2018-10-19,AccLaBeL,0,0,0,meta-meta,peopleID,accelerometer
282,6176,672,15600,2018-10-19,AccLaBeL,0,0,0,meta-meta,peopleID,accelerometer
283,6144,640,15616,2018-10-19,AccLaBeL,0,0,0,meta-meta,peopleID,accelerometer
284,5872,848,15712,2018-10-19,AccLaBeL,0,0,0,meta-meta,peopleID,accelerometer
285,5648,848,15696,2018-10-19,AccLaBeL,0,0,0,meta-meta,peopleID,accelerometer
286,5408,816,15808,2018-10-19,AccLaBeL,0,0,0,meta-meta,peopleID,accelerometer
287,5200,752,15920,2018-10-19,AccLaBeL,0,0,0,meta-meta,peopleID,accelerometer
288,4928,832,16000,2018-10-19,AccLaBeL,0,0,0,meta-meta,peopleID,accelerometer
289,4688,800,16144,2018-10-19,AccLaBeL,0,0,0,meta-meta,peopleID,accelerometer
290,4960,560,16048,2018-10-19,AccLaBeL,0,0,0,meta-meta,peopleID,accelerometer
291,4816,624,16160,2018-10-19,AccLaBeL,0,0,0,meta-meta,peopleID,accelerometer
292,4928,736,16016,2018-10-19,AccLaBeL,0,0,0,meta-meta,peopleID,accelerometer
293,5072,832,16000,2018-10-19,AccLaBeL,0,0,0,meta-meta,peopleID,accelerometer
294,5168,864,16000,2018-10-19,AccLaBeL,0,0,0,meta-meta,peopleID,accelerometer
295,5424,832,15856,2018-10-19,AccLaBeL,0,0,0,meta-meta,peopleID,accelerometer
296,5760,736,15760,2018-10-19,AccLaBeL,0,0,0,meta-meta,peopleID,accelerometer
297,5952,816,15600,2018-10-19,AccLaBeL,0,0,0,meta-meta,peopleID,accelerometer
298,6112,848,15440,2018-10-19,AccLaBeL,0,0,0,meta-meta,peopleID,accelerometer
299,6464,816,15376,2018-10-19,AccLaBeL,0,0,0,meta-meta,peopleID,accelerometer
300,6160,832,15584,2018-10-19,AccLaBeL,0,0,0,meta-meta,peopleID,accelerometer
301,5872,928,15712,2018-10-19,AccLaBeL,0,0,0,meta-meta,peopleID,accelerometer
302,5920,800,15600,2018-10-19,AccLaBeL,0,0,0,meta-meta,peopleID,accelerometer
303,5776,832,15808,2018-10-19,AccLaBeL,0,0,0,meta-meta,peopleID,accelerometer
304,5584,800,15744,2018-10-19,AccLaBeL,0,0,0,meta-meta,peopleID,accelerometer
305,5536,960,15872,2018-10-19,AccLaBeL,0,0,0,meta-meta,peopleID,accelerometer
306,5072,864,16000,2018-10-19,AccLaBeL,0,0,0,meta-meta,peopleID,accelerometer
307,5248,816,15824,2018-10-19,AccLaBeL,0,0,0,meta-meta,peopleID,accelerometer
308,6160,848,15552,2018-10-19,AccLaBeL,0,0,0,meta-meta,peopleID,accelerometer
309,6144,848,15616,2018-10-19,AccLaBeL,0,0,0,meta-meta,peopleID,accelerometer
310,6112,816,15632,2018-10-19,AccLaBeL,0,0,0,meta-meta,peopleID,accelerometer
311,6176,816,15568,2018-10-19,AccLaBeL,0,0,0,meta-meta,peopleID,accelerometer
312,6224,864,15504,2018-10-19,AccLaBeL,0,0,0,meta-meta,peopleID,accelerometer
313,6384,720,15488,2018-10-19,AccLaBeL,0,0,0,meta-meta,peopleID,accelerometer
314,5888,960,15696,2018-10-19,AccLaBeL,0,0,0,meta-meta,peopleID,accelerometer
315,6112,896,15664,2018-10-19,AccLaBeL,0,0,0,meta-meta,peopleID,accelerometer
316,6160,864,15600,2018-10-19,AccLaBeL,0,0,0,meta-meta,peopleID,accelerometer
317,6160,848,15552,2018-10-19,AccLaBeL,0,0,0,meta-meta,peopleID,accelerometer
318,6208,848,15584,2018-10-19,AccLaBeL,0,0,0,meta-meta,peopleID,accelerometer
319,6240,784,15568,2018-10-19,AccLaBeL,0,0,0,meta-meta,peopleID,accelerometer
320,6160,864,15568,2018-10-19,AccLaBeL,0,0,0,meta-meta,peopleID,accelerometer
321,6176,832,15568,2018-10-19,AccLaBeL,0,0,0,meta-meta,peopleID,accelerometer
322,6192,896,15568,2018-10-19,AccLaBeL,0,0,0,meta-meta,peopleID,accelerometer
323,6192,832,15568,2018-10-19,AccLaBeL,0,0,0,meta-meta,peopleID,accelerometer
324,6144,864,15680,2018-10-19,AccLaBeL,0,0,0,meta-meta,peopleID,accelerometer
325,6240,816,15568,2018-10-19,AccLaBeL,0,0,0,meta-meta,peopleID,accelerometer
326,6240,832,15488,2018-10-19,AccLaBeL,0,0,0,meta-meta,peopleID,accelerometer
327,6288,848,15520,2018-10-19,AccLaBeL,0,0,0,meta-meta,peopleID,accelerometer
328,6320,848,15536,2018-10-19,AccLaBeL,0,0,0,meta-meta,peopleID,accelerometer
329,6256,752,15616,2018-10-19,AccLaBeL,0,0,0,meta-meta,peopleID,accelerometer
330,6272,864,15568,2018-10-19,AccLaBeL,0,0,0,meta-meta,peopleID,accelerometer
331,6208,832,15536,2018-10-19,AccLaBeL,0,0,0,meta-meta,peopleID,accelerometer
332,6224,880,15488,2018-10-19,AccLaBeL,0,0,0,meta-meta,peopleID,accelerometer
333,6256,864,15536,2018-10-19,AccLaBeL,0,0,0,meta-meta,peopleID,accelerometer
334,6224,848,15552,2018-10-19,AccLaBeL,0,0,0,meta-meta,peopleID,accelerometer
335,6240,832,15568,2018-10-19,AccLaBeL,0,0,0,meta-meta,peopleID,accelerometer
336,6272,864,15520,2018-10-19,AccLaBeL,0,0,0,meta-meta,peopleID,accelerometer
337,6256,848,15520,2018-10-19,AccLaBeL,0,0,0,meta-meta,peopleID,accelerometer
338,6240,832,15536,2018-10-19,AccLaBeL,0,0,0,meta-meta,peopleID,accelerometer
339,6240,768,15616,2018-10-19,AccLaBeL,0,0,0,meta-meta,peopleID,accelerometer
340,6256,752,15520,2018-10-19,AccLaBeL,0,0,0,meta-meta,peopleID,accelerometer
341,6112,896,15632,2018-10-19,AccLaBeL,0,0,0,meta-meta,peopleID,accelerometer
342,5984,960,15584,2018-10-19,AccLaBeL,0,0,0,meta-meta,peopleID,accelerometer
343,5984,880,15712,2018-10-19,AccLaBeL,0,0,0,meta-meta,peopleID,accelerometer
344,5968,896,15584,2018-10-19,AccLaBeL,0,0,0,meta-meta,peopleID,accelerometer
345,6080,768,15632,2018-10-19,AccLaBeL,0,0,0,meta-meta,peopleID,accelerometer
346,6256,752,15552,2018-10-19,AccLaBeL,0,0,0,meta-meta,peopleID,accelerometer
347,5840,864,15664,2018-10-19,AccLaBeL,0,0,0,meta-meta,peopleID,accelerometer
348,5776,880,15744,2018-10-19,AccLaBeL,0,0,0,meta-meta,peopleID,accelerometer
349,5552,944,15776,2018-10-19,AccLaBeL,0,0,0,meta-meta,peopleID,accelerometer
350,5408,944,15888,2018-10-19,AccLaBeL,0,0,0,meta-meta,peopleID,accelerometer
351,5456,1024,15808,2018-10-19,AccLaBeL,0,0,0,meta-meta,peopleID,accelerometer
352,5616,880,15696,2018-10-19,AccLaBeL,0,0,0,meta-meta,peopleID,accelerometer
353,5472,832,15808,2018-10-19,AccLaBeL,0,0,0,meta-meta,peopleID,accelerometer
354,5456,880,15824,2018-10-19,AccLaBeL,0,0,0,meta-meta,peopleID,accelerometer
355,5232,864,15888,2018-10-19,AccLaBeL,0,0,0,meta-meta,peopleID,accelerometer
356,5008,864,16048,2018-10-19,AccLaBeL,0,0,0,meta-meta,peopleID,accelerometer
357,4704,800,16048,2018-10-19,AccLaBeL,0,0,0,meta-meta,peopleID,accelerometer
358,4480,832,16176,2018-10-19,AccLaBeL,0,0,0,meta-meta,peopleID,accelerometer
359,4080,880,16288,2018-10-19,AccLaBeL,0,0,0,meta-meta,peopleID,accelerometer
360,3824,848,16288,2018-10-19,AccLaBeL,0,0,0,meta-meta,peopleID,accelerometer
361,3520,816,16512,2018-10-19,AccLaBeL,0,0,0,meta-meta,peopleID,accelerometer
362,3328,848,16512,2018-10-19,AccLaBeL,0,0,0,meta-meta,peopleID,accelerometer
363,2368,1088,16416,2018-10-19,AccLaBeL,0,0,0,meta-meta,peopleID,accelerometer
364,1504,864,16464,2018-10-19,AccLaBeL,0,0,0,meta-meta,peopleID,accelerometer
365,1904,-32,16992,2018-10-19,AccLaBeL,0,0,0,meta-meta,peopleID,accelerometer
366,1376,656,17360,2018-10-19,AccLaBeL,0,0,0,meta-meta,peopleID,accelerometer
367,1120,1824,16560,2018-10-19,AccLaBeL,0,0,0,meta-meta,peopleID,accelerometer
368,2944,2080,15440,2018-10-19,AccLaBeL,0,0,0,meta-meta,peopleID,accelerometer
369,864,1440,15824,2018-10-19,AccLaBeL,0,0,0,meta-meta,peopleID,accelerometer
370,2320,800,16432,2018-10-19,AccLaBeL,0,0,0,meta-meta,peopleID,accelerometer
371,2304,960,16560,2018-10-19,AccLaBeL,0,0,0,meta-meta,peopleID,accelerometer
372,1984,720,16592,2018-10-19,AccLaBeL,0,0,0,meta-meta,peopleID,accelerometer
373,1456,1072,16624,2018-10-19,AccLaBeL,0,0,0,meta-meta,peopleID,accelerometer
374,1328,960,16784,2018-10-19,AccLaBeL,0,0,0,meta-meta,peopleID,accelerometer
375,1472,784,16592,2018-10-19,AccLaBeL,0,0,0,meta-meta,peopleID,accelerometer
376,1408,864,16752,2018-10-19,AccLaBeL,0,0,0,meta-meta,peopleID,accelerometer
377,1632,848,16624,2018-10-19,AccLaBeL,0,0,0,meta-meta,peopleID,accelerometer
378,1456,976,16736,2018-10-19,AccLaBeL,0,0,0,meta-meta,peopleID,accelerometer
379,1520,928,16640,2018-10-19,AccLaBeL,0,0,0,meta-meta,peopleID,accelerometer
380,1376,1008,16624,2018-10-19,AccLaBeL,0,0,0,meta-meta,peopleID,accelerometer
381,1328,944,16704,2018-10-19,AccLaBeL,0,0,0,meta-meta,peopleID,accelerometer
382,1440,928,16672,2018-10-19,AccLaBeL,0,0,0,meta-meta,peopleID,accelerometer
383,1488,928,16656,2018-10-19,AccLaBeL,0,0,0,meta-meta,peopleID,accelerometer
384,1328,992,16688,2018-10-19,AccLaBeL,0,0,0,meta-meta,peopleID,accelerometer
385,1344,880,16672,2018-10-19,AccLaBeL,0,0,0,meta-meta,peopleID,accelerometer
386,1360,928,16688,2018-10-19,AccLaBeL,0,0,0,meta-meta,peopleID,accelerometer
387,1328,960,16640,2018-10-19,AccLaBeL,0,0,0,meta-meta,peopleID,accelerometer
388,1280,976,16656,2018-10-19,AccLaBeL,0,0,0,meta-meta,peopleID,accelerometer
389,1424,880,16656,2018-10-19,AccLaBeL,0,0,0,meta-meta,peopleID,accelerometer
390,1456,864,16640,2018-10-19,AccLaBeL,0,0,0,meta-meta,peopleID,accelerometer
391,1408,864,16720,2018-10-19,AccLaBeL,0,0,0,meta-meta,peopleID,accelerometer
392,1456,832,16656,2018-10-19,AccLaBeL,0,0,0,meta-meta,peopleID,accelerometer
393,1504,848,16704,2018-10-19,AccLaBeL,0,0,0,meta-meta,peopleID,accelerometer
394,1376,880,16720,2018-10-19,AccLaBeL,0,0,0,meta-meta,peopleID,accelerometer
395,1296,944,16640,2018-10-19,AccLaBeL,0,0,0,meta-meta,peopleID,accelerometer
396,1344,960,16640,2018-10-19,AccLaBeL,0,0,0,meta-meta,peopleID,accelerometer
397,1456,880,16688,2018-10-19,AccLaBeL,0,0,0,meta-meta,peopleID,accelerometer
398,1328,976,16640,2018-10-19,AccLaBeL,0,0,0,meta-meta,peopleID,accelerometer
399,1344,912,16672,2018-10-19,AccLaBeL,0,0,0,meta-meta,peopleID,accelerometer
400,1344,928,16720,2018-10-19,AccLaBeL,0,0,0,meta-meta,peopleID,accelerometer
401,1328,928,16656,2018-10-19,AccLaBeL,0,0,0,meta-meta,peopleID,accelerometer
402,1296,912,16656,2018-10-19,AccLaBeL,0,0,0,meta-meta,peopleID,accelerometer
403,1344,928,16704,2018-10-19,AccLaBeL,0,0,0,meta-meta,peopleID,accelerometer
404,1360,944,16688,2018-10-19,AccLaBeL,0,0,0,meta-meta,peopleID,accelerometer
405,1344,912,16688,2018-10-19,AccLaBeL,0,0,0,meta-meta,peopleID,accelerometer
406,1376,960,16656,2018-10-19,AccLaBeL,0,0,0,meta-meta,peopleID,accelerometer
407,1328,944,16720,2018-10-19,AccLaBeL,0,0,0,meta-meta,peopleID,accelerometer
408,1328,992,16688,2018-10-19,AccLaBeL,0,0,0,meta-meta,peopleID,accelerometer
409,1328,928,16640,2018-10-19,AccLaBeL,0,0,0,meta-meta,peopleID,accelerometer
410,1328,848,16720,2018-10-19,AccLaBeL,0,0,0,meta-meta,peopleID,accelerometer
411,1344,944,16672,2018-10-19,AccLaBeL,0,0,0,meta-meta,peopleID,accelerometer
412,1376,976,16720,2018-10-19,AccLaBeL,0,0,0,meta-meta,peopleID,accelerometer
413,1312,944,16656,2018-10-19,AccLaBeL,0,0,0,meta-meta,peopleID,accelerometer
414,1376,944,16656,2018-10-19,AccLaBeL,0,0,0,meta-meta,peopleID,accelerometer
415,1328,928,16688,2018-10-19,AccLaBeL,0,0,0,meta-meta,peopleID,accelerometer
416,1328,912,16640,2018-10-19,AccLaBeL,0,0,0,meta-meta,peopleID,accelerometer
417,1360,960,16656,2018-10-19,AccLaBeL,0,0,0,meta-meta,peopleID,accelerometer
418,1328,944,16640,2018-10-19,AccLaBeL,0,0,0,meta-meta,peopleID,accelerometer
419,1376,880,16720,2018-10-19,AccLaBeL,0,0,0,meta-meta,peopleID,accelerometer
420,1264,1120,16688,2018-10-19,AccLaBeL,0,0,0,meta-meta,peopleID,accelerometer
421,816,1344,16656,2018-10-19,AccLaBeL,0,0,0,meta-meta,peopleID,accelerometer
422,736,1184,16768,2018-10-19,AccLaBeL,0,0,0,meta-meta,peopleID,accelerometer
423,912,992,16736,2018-10-19,AccLaBeL,0,0,0,meta-meta,peopleID,accelerometer
424,1088,928,16656,2018-10-19,AccLaBeL,0,0,0,meta-meta,peopleID,accelerometer
425,1216,880,16672,2018-10-19,AccLaBeL,0,0,0,meta-meta,peopleID,accelerometer
426,1280,768,16656,2018-10-19,AccLaBeL,0,0,0,meta-meta,peopleID,accelerometer
427,1392,704,16688,2018-10-19,AccLaBeL,0,0,0,meta-meta,peopleID,accelerometer
428,1344,880,16624,2018-10-19,AccLaBeL,0,0,0,meta-meta,peopleID,accelerometer
429,1360,800,16704,2018-10-19,AccLaBeL,0,0,0,meta-meta,peopleID,accelerometer
430,1248,912,16720,2018-10-19,AccLaBeL,0,0,0,meta-meta,peopleID,accelerometer
431,1312,864,16640,2018-10-19,AccLaBeL,0,0,0,meta-meta,peopleID,accelerometer
432,1328,800,16656,2018-10-19,AccLaBeL,0,0,0,meta-meta,peopleID,accelerometer
433,1488,672,16640,2018-10-19,AccLaBeL,0,0,0,meta-meta,peopleID,accelerometer
434,1584,944,16528,2018-10-19,AccLaBeL,0,0,0,meta-meta,peopleID,accelerometer
435,1360,800,16656,2018-10-19,AccLaBeL,0,0,0,meta-meta,peopleID,accelerometer
436,1344,736,16688,2018-10-19,AccLaBeL,0,0,0,meta-meta,peopleID,accelerometer
437,1440,656,16704,2018-10-19,AccLaBeL,0,0,0,meta-meta,peopleID,accelerometer
438,1360,688,16752,2018-10-19,AccLaBeL,0,0,0,meta-meta,peopleID,accelerometer
439,1440,704,16672,2018-10-19,AccLaBeL,0,0,0,meta-meta,peopleID,accelerometer
440,1456,688,16704,2018-10-19,AccLaBeL,0,0,0,meta-meta,peopleID,accelerometer
441,1408,624,16656,2018-10-19,AccLaBeL,0,0,0,meta-meta,peopleID,accelerometer
442,1456,608,16704,2018-10-19,AccLaBeL,0,0,0,meta-meta,peopleID,accelerometer
443,1440,656,16736,2018-10-19,AccLaBeL,0,0,0,meta-meta,peopleID,accelerometer
444,1440,592,16720,2018-10-19,AccLaBeL,0,0,0,meta-meta,peopleID,accelerometer
445,1360,528,16768,2018-10-19,AccLaBeL,0,0,0,meta-meta,peopleID,accelerometer
446,1888,384,16672,2018-10-19,AccLaBeL,0,0,0,meta-meta,peopleID,accelerometer
447,1744,416,16816,2018-10-19,AccLaBeL,0,0,0,meta-meta,peopleID,accelerometer
448,1376,592,16784,2018-10-19,AccLaBeL,0,0,0,meta-meta,peopleID,accelerometer
449,1584,624,16688,2018-10-19,AccLaBeL,0,0,0,meta-meta,peopleID,accelerometer
450,1536,688,16736,2018-10-19,AccLaBeL,0,0,0,meta-meta,peopleID,accelerometer
451,1632,624,16720,2018-10-19,AccLaBeL,0,0,0,meta-meta,peopleID,accelerometer
452,1792,560,16576,2018-10-19,AccLaBeL,0,0,0,meta-meta,peopleID,accelerometer
453,1728,656,16624,2018-10-19,AccLaBeL,0,0,0,meta-meta,peopleID,accelerometer
454,1584,528,16688,2018-10-19,AccLaBeL,0,0,0,meta-meta,peopleID,accelerometer
455,1600,512,16720,2018-10-19,AccLaBeL,0,0,0,meta-meta,peopleID,accelerometer
456,1680,400,16704,2018-10-19,AccLaBeL,0,0,0,meta-meta,peopleID,accelerometer
457,1696,416,16560,2018-10-19,AccLaBeL,0,0,0,meta-meta,peopleID,accelerometer
458,1648,704,16656,2018-10-19,AccLaBeL,0,0,0,meta-meta,peopleID,accelerometer
459,1872,736,16656,2018-10-19,AccLaBeL,0,0,0,meta-meta,peopleID,accelerometer
460,2080,656,16608,2018-10-19,AccLaBeL,0,0,0,meta-meta,peopleID,accelerometer
461,2208,672,16608,2018-10-19,AccLaBeL,0,0,0,meta-meta,peopleID,accelerometer
462,2448,592,16592,2018-10-19,AccLaBeL,0,0,0,meta-meta,peopleID,accelerometer
463,2496,560,16624,2018-10-19,AccLaBeL,0,0,0,meta-meta,peopleID,accelerometer
464,2656,624,16512,2018-10-19,AccLaBeL,0,0,0,meta-meta,peopleID,accelerometer
465,2832,496,16576,2018-10-19,AccLaBeL,0,0,0,meta-meta,peopleID,accelerometer
466,3152,640,16528,2018-10-19,AccLaBeL,0,0,0,meta-meta,peopleID,accelerometer
467,3360,656,16432,2018-10-19,AccLaBeL,0,0,0,meta-meta,peopleID,accelerometer
468,3536,768,16400,2018-10-19,AccLaBeL,0,0,0,meta-meta,peopleID,accelerometer
469,3888,768,16208,2018-10-19,AccLaBeL,0,0,0,meta-meta,peopleID,accelerometer
470,4016,848,16288,2018-10-19,AccLaBeL,0,0,0,meta-meta,peopleID,accelerometer
471,4320,816,16256,2018-10-19,AccLaBeL,0,0,0,meta-meta,peopleID,accelerometer
472,4608,768,16128,2018-10-19,AccLaBeL,0,0,0,meta-meta,peopleID,accelerometer
473,4832,800,16016,2018-10-19,AccLaBeL,0,0,0,meta-meta,peopleID,accelerometer
474,5152,816,16000,2018-10-19,AccLaBeL,0,0,0,meta-meta,peopleID,accelerometer
475,5552,768,15760,2018-10-19,AccLaBeL,0,0,0,meta-meta,peopleID,accelerometer
476,5696,736,15760,2018-10-19,AccLaBeL,0,0,0,meta-meta,peopleID,accelerometer
477,5792,688,15760,2018-10-19,AccLaBeL,0,0,0,meta-meta,peopleID,accelerometer
478,6080,736,15632,2018-10-19,AccLaBeL,0,0,0,meta-meta,peopleID,accelerometer
479,6224,800,15552,2018-10-19,AccLaBeL,0,0,0,meta-meta,peopleID,accelerometer
480,6288,640,15648,2018-10-19,AccLaBeL,0,0,0,meta-meta,peopleID,accelerometer
481,6448,736,15424,2018-10-19,AccLaBeL,0,0,0,meta-meta,peopleID,accelerometer
482,6432,672,15568,2018-10-19,AccLaBeL,0,0,0,meta-meta,peopleID,accelerometer
483,6336,656,15520,2018-10-19,AccLaBeL,0,0,0,meta-meta,peopleID,accelerometer
484,6336,720,15472,2018-10-19,AccLaBeL,0,0,0,meta-meta,peopleID,accelerometer
485,6416,768,15376,2018-10-19,AccLaBeL,0,0,0,meta-meta,peopleID,accelerometer
486,6432,400,15680,2018-10-19,AccLaBeL,0,0,0,meta-meta,peopleID,accelerometer
487,6576,-80,15760,2018-10-19,AccLaBeL,0,0,0,meta-meta,peopleID,accelerometer
488,1392,880,16896,2018-10-19,"standard sitting, simple rolling",0,0,0,,,accelerometer
489,1360,880,16672,2018-10-19,"standard sitting, simple rolling",0,0,0,,,accelerometer
490,1376,928,16640,2018-10-19,"standard sitting, simple rolling",0,0,0,,,accelerometer
491,1360,960,16704,2018-10-19,"standard sitting, simple rolling",0,0,0,,,accelerometer
492,1328,880,16656,2018-10-19,"standard sitting, simple rolling",0,0,0,,,accelerometer
493,1360,912,16720,2018-10-19,"standard sitting, simple rolling",0,0,0,,,accelerometer
494,1328,928,16720,2018-10-19,"standard sitting, simple rolling",0,0,0,,,accelerometer
495,1296,912,16688,2018-10-19,"standard sitting, simple rolling",0,0,0,,,accelerometer
496,1344,928,16720,2018-10-19,"standard sitting, simple rolling",0,0,0,,,accelerometer
497,1440,944,16688,2018-10-19,"standard sitting, simple rolling",0,0,0,,,accelerometer
498,1360,912,16752,2018-10-19,"standard sitting, simple rolling",0,0,0,,,accelerometer
499,1568,784,16656,2018-10-19,"standard sitting, simple rolling",0,0,0,,,accelerometer
500,1376,928,16768,2018-10-19,"standard sitting, simple rolling",0,0,0,,,accelerometer
501,1552,880,16704,2018-10-19,"standard sitting, simple rolling",0,0,0,,,accelerometer
502,1440,928,16656,2018-10-19,"standard sitting, simple rolling",0,0,0,,,accelerometer
503,1392,1024,16656,2018-10-19,"standard sitting, simple rolling",0,0,0,,,accelerometer
504,1488,960,16704,2018-10-19,"standard sitting, simple rolling",0,0,0,,,accelerometer
505,1520,896,16672,2018-10-19,"standard sitting, simple rolling",0,0,0,,,accelerometer
506,1648,816,16688,2018-10-19,"standard sitting, simple rolling",0,0,0,,,accelerometer
507,1520,832,16672,2018-10-19,"standard sitting, simple rolling",0,0,0,,,accelerometer
508,1680,704,16688,2018-10-19,"standard sitting, simple rolling",0,0,0,,,accelerometer
509,1568,704,16688,2018-10-19,"standard sitting, simple rolling",0,0,0,,,accelerometer
510,1568,688,16688,2018-10-19,"standard sitting, simple rolling",0,0,0,,,accelerometer
511,1632,672,16640,2018-10-19,"standard sitting, simple rolling",0,0,0,,,accelerometer
512,1600,656,16768,2018-10-19,"standard sitting, simple rolling",0,0,0,,,accelerometer
513,1568,576,16656,2018-10-19,"standard sitting, simple rolling",0,0,0,,,accelerometer
514,1552,592,16640,2018-10-19,"standard sitting, simple rolling",0,0,0,,,accelerometer
515,1440,576,16720,2018-10-19,"standard sitting, simple rolling",0,0,0,,,accelerometer
516,1536,512,16624,2018-10-19,"standard sitting, simple rolling",0,0,0,,,accelerometer
517,1360,448,16720,2018-10-19,"standard sitting, simple rolling",0,0,0,,,accelerometer
518,1472,464,16704,2018-10-19,"standard sitting, simple rolling",0,0,0,,,accelerometer
519,1312,640,16720,2018-10-19,"standard sitting, simple rolling",0,0,0,,,accelerometer
520,1536,624,16704,2018-10-19,"standard sitting, simple rolling",0,0,0,,,accelerometer
521,1504,736,16624,2018-10-19,"standard sitting, simple rolling",0,0,0,,,accelerometer
522,1344,624,16688,2018-10-19,"standard sitting, simple rolling",0,0,0,,,accelerometer
523,1152,512,16848,2018-10-19,"standard sitting, simple rolling",0,0,0,,,accelerometer
524,1232,544,16736,2018-10-19,"standard sitting, simple rolling",0,0,0,,,accelerometer
525,1312,576,16704,2018-10-19,"standard sitting, simple rolling",0,0,0,,,accelerometer
526,1056,736,16784,2018-10-19,"standard sitting, simple rolling",0,0,0,,,accelerometer
527,1040,592,16720,2018-10-19,"standard sitting, simple rolling",0,0,0,,,accelerometer
528,976,784,16768,2018-10-19,"standard sitting, simple rolling",0,0,0,,,accelerometer
529,1168,656,16768,2018-10-19,"standard sitting, simple rolling",0,0,0,,,accelerometer
530,1072,720,16800,2018-10-19,"standard sitting, simple rolling",0,0,0,,,accelerometer
531,1424,560,16720,2018-10-19,"standard sitting, simple rolling",0,0,0,,,accelerometer
532,1456,640,16720,2018-10-19,"standard sitting, simple rolling",0,0,0,,,accelerometer
533,1152,752,16752,2018-10-19,"standard sitting, simple rolling",0,0,0,,,accelerometer
534,1200,784,16736,2018-10-19,"standard sitting, simple rolling",0,0,0,,,accelerometer
535,1120,672,16768,2018-10-19,"standard sitting, simple rolling",0,0,0,,,accelerometer
536,848,880,16640,2018-10-19,"standard sitting, simple rolling",0,0,0,,,accelerometer
537,1728,784,16560,2018-10-19,"standard sitting, simple rolling",0,0,0,,,accelerometer
538,1200,496,16656,2018-10-19,"standard sitting, simple rolling",0,0,0,,,accelerometer
539,1264,576,16672,2018-10-19,"standard sitting, simple rolling",0,0,0,,,accelerometer
540,976,656,16768,2018-10-19,"standard sitting, simple rolling",0,0,0,,,accelerometer
541,1696,384,16704,2018-10-19,"standard sitting, simple rolling",0,0,0,,,accelerometer
542,1392,400,16784,2018-10-19,"standard sitting, simple rolling",0,0,0,,,accelerometer
543,1488,368,16832,2018-10-19,"standard sitting, simple rolling",0,0,0,,,accelerometer
544,1248,544,16736,2018-10-19,"standard sitting, simple rolling",0,0,0,,,accelerometer
545,1296,640,16688,2018-10-19,"standard sitting, simple rolling",0,0,0,,,accelerometer
546,1632,352,16736,2018-10-19,"standard sitting, simple rolling",0,0,0,,,accelerometer
547,1568,576,16624,2018-10-19,"standard sitting, simple rolling",0,0,0,,,accelerometer
548,1280,832,16768,2018-10-19,"standard sitting, simple rolling",0,0,0,,,accelerometer
549,1504,704,16704,2018-10-19,"standard sitting, simple rolling",0,0,0,,,accelerometer
550,656,1344,16784,2018-10-19,"standard sitting, simple rolling",0,0,0,,,accelerometer
551,1216,928,16704,2018-10-19,"standard sitting, simple rolling",0,0,0,,,accelerometer
552,1200,912,16688,2018-10-19,"standard sitting, simple rolling",0,0,0,,,accelerometer
553,1152,912,16720,2018-10-19,"standard sitting, simple rolling",0,0,0,,,accelerometer
554,1072,896,16688,2018-10-19,"standard sitting, simple rolling",0,0,0,,,accelerometer
555,1344,768,16704,2018-10-19,"standard sitting, simple rolling",0,0,0,,,accelerometer
556,1200,720,16752,2018-10-19,"standard sitting, simple rolling",0,0,0,,,accelerometer
557,544,1440,16752,2018-10-19,"standard sitting, simple rolling",0,0,0,,,accelerometer
558,1760,-160,16928,2018-10-19,"standard sitting, simple rolling",0,0,0,,,accelerometer
559,1152,672,16768,2018-10-19,"standard sitting, simple rolling",0,0,0,,,accelerometer
560,1712,944,16608,2018-10-19,"standard sitting, simple rolling",0,0,0,,,accelerometer
561,1456,944,16688,2018-10-19,"standard sitting, simple rolling",0,0,0,,,accelerometer
562,1536,864,16688,2018-10-19,"standard sitting, simple rolling",0,0,0,,,accelerometer
563,1328,960,16736,2018-10-19,"standard sitting, simple rolling",0,0,0,,,accelerometer
564,1584,720,16768,2018-10-19,"standard sitting, simple rolling",0,0,0,,,accelerometer
565,1264,928,16672,2018-10-19,"standard sitting, simple rolling",0,0,0,,,accelerometer
566,1488,912,16624,2018-10-19,"standard sitting, simple rolling",0,0,0,,,accelerometer
567,1456,880,16656,2018-10-19,"standard sitting, simple rolling",0,0,0,,,accelerometer
568,1344,976,16688,2018-10-19,"standard sitting, simple rolling",0,0,0,,,accelerometer
569,1408,928,16704,2018-10-19,"standard sitting, simple rolling",0,0,0,,,accelerometer
570,1376,944,16656,2018-10-19,"standard sitting, simple rolling",0,0,0,,,accelerometer
571,1376,928,16704,2018-10-19,"standard sitting, simple rolling",0,0,0,,,accelerometer
572,1408,944,16688,2018-10-19,"standard sitting, simple rolling",0,0,0,,,accelerometer
573,1392,960,16672,2018-10-19,"standard sitting, simple rolling",0,0,0,,,accelerometer
574,1376,912,16704,2018-10-19,"standard sitting, simple rolling",0,0,0,,,accelerometer
575,1344,928,16704,2018-10-19,"standard sitting, simple rolling",0,0,0,,,accelerometer
576,1328,992,16688,2018-10-19,"standard sitting, simple rolling",0,0,0,,,accelerometer
577,1408,1008,16640,2018-10-19,"standard sitting, simple rolling",0,0,0,,,accelerometer
578,1344,960,16720,2018-10-19,"standard sitting, simple rolling",0,0,0,,,accelerometer
579,1440,992,16688,2018-10-19,"standard sitting, simple rolling",0,0,0,,,accelerometer
580,1344,976,16672,2018-10-19,"standard sitting, simple rolling",0,0,0,,,accelerometer
581,1360,992,16640,2018-10-19,"standard sitting, simple rolling",0,0,0,,,accelerometer
582,1376,992,16688,2018-10-19,"standard sitting, simple rolling",0,0,0,,,accelerometer
583,1360,992,16688,2018-10-19,"standard sitting, simple rolling",0,0,0,,,accelerometer
584,1376,976,16704,2018-10-19,"standard sitting, simple rolling",0,0,0,,,accelerometer
585,1600,800,16720,2018-10-19,"standard sitting, simple rolling",0,0,0,,,accelerometer
586,1232,976,16704,2018-10-19,"standard sitting, simple rolling",0,0,0,,,accelerometer
587,1200,1072,16656,2018-10-19,"standard sitting, simple rolling",0,0,0,,,accelerometer
588,1696,720,16656,2018-10-19,"standard sitting, simple rolling",0,0,0,,,accelerometer
589,1888,592,16656,2018-10-19,"standard sitting, simple rolling",0,0,0,,,accelerometer
590,1696,32,16784,2018-10-19,"standard sitting, simple rolling",0,0,0,,,accelerometer
591,1024,240,16672,2018-10-19,"standard sitting, simple rolling",0,0,0,,,accelerometer
592,416,848,16688,2018-10-19,"standard sitting, simple rolling",0,0,0,,,accelerometer
593,1040,608,16864,2018-10-19,"standard sitting, simple rolling",0,0,0,,,accelerometer
594,1504,704,16704,2018-10-19,"standard sitting, simple rolling",0,0,0,,,accelerometer
595,1328,672,16752,2018-10-19,"standard sitting, simple rolling",0,0,0,,,accelerometer
596,1440,656,16720,2018-10-19,"standard sitting, simple rolling",0,0,0,,,accelerometer
597,1440,656,16736,2018-10-19,"standard sitting, simple rolling",0,0,0,,,accelerometer
598,1424,704,16720,2018-10-19,"standard sitting, simple rolling",0,0,0,,,accelerometer
599,1360,672,16704,2018-10-19,"standard sitting, simple rolling",0,0,0,,,accelerometer
600,1440,624,16768,2018-10-19,"standard sitting, simple rolling",0,0,0,,,accelerometer
601,1472,672,16656,2018-10-19,"standard sitting, simple rolling",0,0,0,,,accelerometer
602,1184,416,16544,2018-10-19,"standard sitting, simple rolling",0,0,0,,,accelerometer
603,1536,304,16768,2018-10-19,"standard sitting, simple rolling",0,0,0,,,accelerometer
604,1136,544,16768,2018-10-19,"standard sitting, simple rolling",0,0,0,,,accelerometer
605,880,736,16784,2018-10-19,"standard sitting, simple rolling",0,0,0,,,accelerometer
606,2256,1280,16336,2018-10-19,"standard sitting, simple rolling",0,0,0,,,accelerometer
607,1760,1104,16640,2018-10-19,"standard sitting, simple rolling",0,0,0,,,accelerometer
608,1504,912,16640,2018-10-19,"standard sitting, simple rolling 1",0,0,0,,,accelerometer
609,1424,912,16672,2018-10-19,"standard sitting, simple rolling 1",0,0,0,,,accelerometer
610,1408,880,16720,2018-10-19,"standard sitting, simple rolling 1",0,0,0,,,accelerometer
611,1456,944,16672,2018-10-19,"standard sitting, simple rolling 1",0,0,0,,,accelerometer
612,1392,960,16768,2018-10-19,"standard sitting, simple rolling 1",0,0,0,,,accelerometer
613,1456,944,16704,2018-10-19,"standard sitting, simple rolling 1",0,0,0,,,accelerometer
614,1424,944,16704,2018-10-19,"standard sitting, simple rolling 1",0,0,0,,,accelerometer
615,1040,1136,16704,2018-10-19,"standard sitting, simple rolling 1",0,0,0,,,accelerometer
616,1072,864,16688,2018-10-19,"standard sitting, simple rolling 1",0,0,0,,,accelerometer
617,1584,704,16768,2018-10-19,"standard sitting, simple rolling 1",0,0,0,,,accelerometer
618,1488,640,16768,2018-10-19,"standard sitting, simple rolling 1",0,0,0,,,accelerometer
619,2432,16,16576,2018-10-19,"standard sitting, simple rolling 1",0,0,0,,,accelerometer
620,1424,880,16592,2018-10-19,"standard sitting, simple rolling 1",0,0,0,,,accelerometer
621,1616,736,16672,2018-10-19,"standard sitting, simple rolling 1",0,0,0,,,accelerometer
622,1712,768,16688,2018-10-19,"standard sitting, simple rolling 1",0,0,0,,,accelerometer
623,1632,656,16832,2018-10-19,"standard sitting, simple rolling 1",0,0,0,,,accelerometer
624,1552,768,16720,2018-10-19,"standard sitting, simple rolling 1",0,0,0,,,accelerometer
625,1632,704,16720,2018-10-19,"standard sitting, simple rolling 1",0,0,0,,,accelerometer
626,1648,672,16720,2018-10-19,"standard sitting, simple rolling 1",0,0,0,,,accelerometer
627,1568,768,16688,2018-10-19,"standard sitting, simple rolling 1",0,0,0,,,accelerometer
628,1664,736,16688,2018-10-19,"standard sitting, simple rolling 1",0,0,0,,,accelerometer
629,1680,704,16768,2018-10-19,"standard sitting, simple rolling 1",0,0,0,,,accelerometer
630,1648,720,16656,2018-10-19,"standard sitting, simple rolling 1",0,0,0,,,accelerometer
631,1632,736,16736,2018-10-19,"standard sitting, simple rolling 1",0,0,0,,,accelerometer
632,2112,-96,16912,2018-10-19,"standard sitting, simple rolling 1",0,0,0,,,accelerometer
633,2768,640,16656,2018-10-19,"standard sitting, simple rolling 1",0,0,0,,,accelerometer
634,1040,976,16768,2018-10-19,"standard sitting, simple rolling 1",0,0,0,,,accelerometer
635,1104,784,16768,2018-10-19,"standard sitting, simple rolling 1",0,0,0,,,accelerometer
636,448,1120,16832,2018-10-19,"standard sitting, simple rolling 1",0,0,0,,,accelerometer
637,1168,768,16768,2018-10-19,"standard sitting, simple rolling 1",0,0,0,,,accelerometer
638,944,896,16704,2018-10-19,"standard sitting, simple rolling 1",0,0,0,,,accelerometer
639,1216,704,16720,2018-10-19,"standard sitting, simple rolling 1",0,0,0,,,accelerometer
640,1136,832,16768,2018-10-19,"standard sitting, simple rolling 1",0,0,0,,,accelerometer
641,1152,768,16720,2018-10-19,"standard sitting, simple rolling 1",0,0,0,,,accelerometer
642,1200,784,16752,2018-10-19,"standard sitting, simple rolling 1",0,0,0,,,accelerometer
643,1232,752,16736,2018-10-19,"standard sitting, simple rolling 1",0,0,0,,,accelerometer
644,1216,752,16720,2018-10-19,"standard sitting, simple rolling 1",0,0,0,,,accelerometer
645,1152,768,16784,2018-10-19,"standard sitting, simple rolling 1",0,0,0,,,accelerometer
646,1200,768,16704,2018-10-19,"standard sitting, simple rolling 1",0,0,0,,,accelerometer
647,1200,752,16720,2018-10-19,"standard sitting, simple rolling 1",0,0,0,,,accelerometer
648,1088,720,16656,2018-10-19,"standard sitting, simple rolling 1",0,0,0,,,accelerometer
649,1632,448,16400,2018-10-19,"standard sitting, simple rolling 1",0,0,0,,,accelerometer
650,880,720,16816,2018-10-19,"standard sitting, simple rolling 1",0,0,0,,,accelerometer
651,992,672,16784,2018-10-19,"standard sitting, simple rolling 1",0,0,0,,,accelerometer
652,1312,528,16688,2018-10-19,"standard sitting, simple rolling 1",0,0,0,,,accelerometer
653,1248,512,16768,2018-10-19,"standard sitting, simple rolling 1",0,0,0,,,accelerometer
654,1360,560,16704,2018-10-19,"standard sitting, simple rolling 1",0,0,0,,,accelerometer
655,1296,544,16752,2018-10-19,"standard sitting, simple rolling 1",0,0,0,,,accelerometer
656,1248,576,16752,2018-10-19,"standard sitting, simple rolling 1",0,0,0,,,accelerometer
657,1296,544,16704,2018-10-19,"standard sitting, simple rolling 1",0,0,0,,,accelerometer
658,1312,560,16704,2018-10-19,"standard sitting, simple rolling 1",0,0,0,,,accelerometer
659,1408,528,16720,2018-10-19,"standard sitting, simple rolling 1",0,0,0,,,accelerometer
660,1312,608,16688,2018-10-19,"standard sitting, simple rolling 1",0,0,0,,,accelerometer
661,1312,560,16688,2018-10-19,"standard sitting, simple rolling 1",0,0,0,,,accelerometer
662,1344,656,16704,2018-10-19,"standard sitting, simple rolling 1",0,0,0,,,accelerometer
663,1536,496,16656,2018-10-19,"standard sitting, simple rolling 1",0,0,0,,,accelerometer
664,1184,512,16752,2018-10-19,"standard sitting, simple rolling 1",0,0,0,,,accelerometer
665,1120,560,16768,2018-10-19,"standard sitting, simple rolling 1",0,0,0,,,accelerometer
666,1056,704,16736,2018-10-19,"standard sitting, simple rolling 1",0,0,0,,,accelerometer
667,1232,704,16768,2018-10-19,"standard sitting, simple rolling 1",0,0,0,,,accelerometer
668,1728,784,16672,2018-10-19,"standard sitting, simple rolling 1",0,0,0,,,accelerometer
669,1680,848,16656,2018-10-19,"standard sitting, simple rolling 1",0,0,0,,,accelerometer
670,1712,848,16656,2018-10-19,"standard sitting, simple rolling 1",0,0,0,,,accelerometer
671,1616,864,16672,2018-10-19,"standard sitting, simple rolling 1",0,0,0,,,accelerometer
672,1488,864,16672,2018-10-19,"standard sitting, simple rolling 1",0,0,0,,,accelerometer
673,1632,864,16656,2018-10-19,"standard sitting, simple rolling 1",0,0,0,,,accelerometer
674,1680,832,16688,2018-10-19,"standard sitting, simple rolling 1",0,0,0,,,accelerometer
675,1616,880,16688,2018-10-19,"standard sitting, simple rolling 1",0,0,0,,,accelerometer
676,1552,832,16704,2018-10-19,"standard sitting, simple rolling 1",0,0,0,,,accelerometer
677,1536,880,16688,2018-10-19,"standard sitting, simple rolling 1",0,0,0,,,accelerometer
678,1616,928,16656,2018-10-19,"standard sitting, simple rolling 1",0,0,0,,,accelerometer
679,1600,864,16672,2018-10-19,"standard sitting, simple rolling 1",0,0,0,,,accelerometer
680,1584,880,16656,2018-10-19,"standard sitting, simple rolling 1",0,0,0,,,accelerometer
681,1648,864,16688,2018-10-19,"standard sitting, simple rolling 1",0,0,0,,,accelerometer
682,1824,704,16688,2018-10-19,"standard sitting, simple rolling 1",0,0,0,,,accelerometer
683,1440,752,16720,2018-10-19,"standard sitting, simple rolling 1",0,0,0,,,accelerometer
684,1248,1168,16608,2018-10-19,"standard sitting, simple rolling 1",0,0,0,,,accelerometer
685,1488,832,16688,2018-10-19,"standard sitting, simple rolling 1",0,0,0,,,accelerometer
686,1568,1248,16592,2018-10-19,"standard sitting, simple rolling 1",0,0,0,,,accelerometer
687,1648,640,16704,2018-10-19,"standard sitting, simple rolling 1",0,0,0,,,accelerometer
688,1472,928,16704,2018-10-19,"standard sitting, simple rolling 1",0,0,0,,,accelerometer
689,1808,896,16896,2018-10-19,"standard sitting, simple rolling 1",0,0,0,,,accelerometer
690,2448,112,16624,2018-10-19,"standard sitting, simple rolling 1",0,0,0,,,accelerometer
691,1152,688,16592,2018-10-19,"standard sitting, simple rolling 1",0,0,0,,,accelerometer
692,176,320,16000,2018-10-19,"standard sitting, simple rolling 1",0,0,0,,,accelerometer
693,1584,-2576,16640,2018-10-19,"standard sitting, simple rolling 1",0,0,0,,,accelerometer
694,1216,800,16704,2018-10-19,"standard sitting, simple rolling 1",0,0,0,,,accelerometer
695,1328,752,16768,2018-10-19,"standard sitting, simple rolling 1",0,0,0,,,accelerometer
696,1280,864,16688,2018-10-19,"standard sitting, simple rolling 1",0,0,0,,,accelerometer
697,1184,640,16768,2018-10-19,"standard sitting, simple rolling 1",0,0,0,,,accelerometer
698,1552,816,16720,2018-10-19,"standard sitting, simple rolling 1",0,0,0,,,accelerometer
699,1392,912,16704,2018-10-19,"standard sitting, simple rolling 1",0,0,0,,,accelerometer
700,1408,832,16704,2018-10-19,"standard sitting, simple rolling 1",0,0,0,,,accelerometer
701,1376,880,16720,2018-10-19,"standard sitting, simple rolling 1",0,0,0,,,accelerometer
702,1376,880,16704,2018-10-19,"standard sitting, simple rolling 1",0,0,0,,,accelerometer
703,1056,752,16784,2018-10-19,"standard sitting, simple rolling 1",0,0,0,,,accelerometer
704,1280,800,16768,2018-10-19,"standard sitting, simple rolling 1",0,0,0,,,accelerometer
705,1200,848,16720,2018-10-19,"standard sitting, simple rolling 1",0,0,0,,,accelerometer
706,1200,784,16688,2018-10-19,"standard sitting, simple rolling 1",0,0,0,,,accelerometer
707,1264,752,16704,2018-10-19,"standard sitting, simple rolling 1",0,0,0,,,accelerometer
708,1280,736,16704,2018-10-19,"standard sitting, simple rolling 1",0,0,0,,,accelerometer
709,1216,784,16720,2018-10-19,"standard sitting, simple rolling 1",0,0,0,,,accelerometer
710,1008,752,16928,2018-10-19,"standard sitting, simple rolling 1",0,0,0,,,accelerometer
711,1344,432,16816,2018-10-19,"standard sitting, simple rolling 1",0,0,0,,,accelerometer
712,1216,592,16688,2018-10-19,"standard sitting, simple rolling 1",0,0,0,,,accelerometer
713,-352,1600,16480,2018-10-19,"standard sitting, simple rolling 1",0,0,0,,,accelerometer
714,1152,704,16656,2018-10-19,"standard sitting, simple rolling 1",0,0,0,,,accelerometer
715,1072,672,16768,2018-10-19,"standard sitting, simple rolling 1",0,0,0,,,accelerometer
716,1024,880,16704,2018-10-19,"standard sitting, simple rolling 1",0,0,0,,,accelerometer
717,1200,656,16784,2018-10-19,"standard sitting, simple rolling 1",0,0,0,,,accelerometer
718,1152,688,16720,2018-10-19,"standard sitting, simple rolling 1",0,0,0,,,accelerometer
719,1168,688,16768,2018-10-19,"standard sitting, simple rolling 1",0,0,0,,,accelerometer
720,1136,656,16736,2018-10-19,"standard sitting, simple rolling 1",0,0,0,,,accelerometer
721,1200,640,16656,2018-10-19,"standard sitting, simple rolling 1",0,0,0,,,accelerometer
722,1088,800,16688,2018-10-19,"standard sitting, simple rolling 1",0,0,0,,,accelerometer
723,1040,704,16768,2018-10-19,"standard sitting, simple rolling 1",0,0,0,,,accelerometer
724,880,1040,16656,2018-10-19,"standard sitting, simple rolling 1",0,0,0,,,accelerometer
725,1008,688,16704,2018-10-19,"standard sitting, simple rolling 1",0,0,0,,,accelerometer
726,928,768,16784,2018-10-19,"standard sitting, simple rolling 1",0,0,0,,,accelerometer
727,1200,720,16720,2018-10-19,"standard sitting, simple rolling 1",0,0,0,,,accelerometer
728,6288,768,15552,2018-10-19,"maximum angle, simple rolling 0",0,0,0,,,accelerometer
729,6240,768,15568,2018-10-19,"maximum angle, simple rolling 0",0,0,0,,,accelerometer
730,6192,704,15616,2018-10-19,"maximum angle, simple rolling 0",0,0,0,,,accelerometer
731,6192,752,15584,2018-10-19,"maximum angle, simple rolling 0",0,0,0,,,accelerometer
732,6192,784,15568,2018-10-19,"maximum angle, simple rolling 0",0,0,0,,,accelerometer
733,6192,800,15568,2018-10-19,"maximum angle, simple rolling 0",0,0,0,,,accelerometer
734,6160,704,15632,2018-10-19,"maximum angle, simple rolling 0",0,0,0,,,accelerometer
735,6192,720,15568,2018-10-19,"maximum angle, simple rolling 0",0,0,0,,,accelerometer
736,6288,720,15584,2018-10-19,"maximum angle, simple rolling 0",0,0,0,,,accelerometer
737,6224,800,15584,2018-10-19,"maximum angle, simple rolling 0",0,0,0,,,accelerometer
738,6224,752,15616,2018-10-19,"maximum angle, simple rolling 0",0,0,0,,,accelerometer
739,6144,832,15616,2018-10-19,"maximum angle, simple rolling 0",0,0,0,,,accelerometer
740,6160,736,15616,2018-10-19,"maximum angle, simple rolling 0",0,0,0,,,accelerometer
741,6192,768,15568,2018-10-19,"maximum angle, simple rolling 0",0,0,0,,,accelerometer
742,6160,864,15536,2018-10-19,"maximum angle, simple rolling 0",0,0,0,,,accelerometer
743,6160,784,15504,2018-10-19,"maximum angle, simple rolling 0",0,0,0,,,accelerometer
744,6144,912,15696,2018-10-19,"maximum angle, simple rolling 0",0,0,0,,,accelerometer
745,6000,880,15808,2018-10-19,"maximum angle, simple rolling 0",0,0,0,,,accelerometer
746,6160,816,15600,2018-10-19,"maximum angle, simple rolling 0",0,0,0,,,accelerometer
747,6176,768,15632,2018-10-19,"maximum angle, simple rolling 0",0,0,0,,,accelerometer
748,6064,816,15664,2018-10-19,"maximum angle, simple rolling 0",0,0,0,,,accelerometer
749,6032,832,15632,2018-10-19,"maximum angle, simple rolling 0",0,0,0,,,accelerometer
750,6208,624,15600,2018-10-19,"maximum angle, simple rolling 0",0,0,0,,,accelerometer
751,5984,816,15696,2018-10-19,"maximum angle, simple rolling 0",0,0,0,,,accelerometer
752,6096,656,15696,2018-10-19,"maximum angle, simple rolling 0",0,0,0,,,accelerometer
753,6096,736,15632,2018-10-19,"maximum angle, simple rolling 0",0,0,0,,,accelerometer
754,6096,704,15664,2018-10-19,"maximum angle, simple rolling 0",0,0,0,,,accelerometer
755,6048,736,15632,2018-10-19,"maximum angle, simple rolling 0",0,0,0,,,accelerometer
756,6080,768,15632,2018-10-19,"maximum angle, simple rolling 0",0,0,0,,,accelerometer
757,6096,720,15648,2018-10-19,"maximum angle, simple rolling 0",0,0,0,,,accelerometer
758,6064,704,15648,2018-10-19,"maximum angle, simple rolling 0",0,0,0,,,accelerometer
759,6128,736,15632,2018-10-19,"maximum angle, simple rolling 0",0,0,0,,,accelerometer
760,6096,736,15664,2018-10-19,"maximum angle, simple rolling 0",0,0,0,,,accelerometer
761,6144,720,15632,2018-10-19,"maximum angle, simple rolling 0",0,0,0,,,accelerometer
762,6112,688,15632,2018-10-19,"maximum angle, simple rolling 0",0,0,0,,,accelerometer
763,6080,704,15648,2018-10-19,"maximum angle, simple rolling 0",0,0,0,,,accelerometer
764,6064,720,15600,2018-10-19,"maximum angle, simple rolling 0",0,0,0,,,accelerometer
765,6128,736,15680,2018-10-19,"maximum angle, simple rolling 0",0,0,0,,,accelerometer
766,6096,752,15696,2018-10-19,"maximum angle, simple rolling 0",0,0,0,,,accelerometer
767,6128,720,15600,2018-10-19,"maximum angle, simple rolling 0",0,0,0,,,accelerometer
768,6000,800,15680,2018-10-19,"maximum angle, simple rolling 0",0,0,0,,,accelerometer
769,6064,688,15632,2018-10-19,"maximum angle, simple rolling 0",0,0,0,,,accelerometer
770,6160,720,15600,2018-10-19,"maximum angle, simple rolling 0",0,0,0,,,accelerometer
771,6000,784,15696,2018-10-19,"maximum angle, simple rolling 0",0,0,0,,,accelerometer
772,6112,720,15616,2018-10-19,"maximum angle, simple rolling 0",0,0,0,,,accelerometer
773,6144,672,15632,2018-10-19,"maximum angle, simple rolling 0",0,0,0,,,accelerometer
774,6096,624,15616,2018-10-19,"maximum angle, simple rolling 0",0,0,0,,,accelerometer
775,6144,688,15680,2018-10-19,"maximum angle, simple rolling 0",0,0,0,,,accelerometer
776,6016,656,15616,2018-10-19,"maximum angle, simple rolling 0",0,0,0,,,accelerometer
777,6096,688,15632,2018-10-19,"maximum angle, simple rolling 0",0,0,0,,,accelerometer
778,6016,688,15744,2018-10-19,"maximum angle, simple rolling 0",0,0,0,,,accelerometer
779,6096,640,15600,2018-10-19,"maximum angle, simple rolling 0",0,0,0,,,accelerometer
780,6128,672,15680,2018-10-19,"maximum angle, simple rolling 0",0,0,0,,,accelerometer
781,6160,608,15584,2018-10-19,"maximum angle, simple rolling 0",0,0,0,,,accelerometer
782,6112,640,15632,2018-10-19,"maximum angle, simple rolling 0",0,0,0,,,accelerometer
783,6112,736,15568,2018-10-19,"maximum angle, simple rolling 0",0,0,0,,,accelerometer
784,6128,608,15600,2018-10-19,"maximum angle, simple rolling 0",0,0,0,,,accelerometer
785,6144,704,15632,2018-10-19,"maximum angle, simple rolling 0",0,0,0,,,accelerometer
786,6208,672,15632,2018-10-19,"maximum angle, simple rolling 0",0,0,0,,,accelerometer
787,6208,672,15568,2018-10-19,"maximum angle, simple rolling 0",0,0,0,,,accelerometer
788,6160,640,15632,2018-10-19,"maximum angle, simple rolling 0",0,0,0,,,accelerometer
789,6224,688,15568,2018-10-19,"maximum angle, simple rolling 0",0,0,0,,,accelerometer
790,6240,608,15600,2018-10-19,"maximum angle, simple rolling 0",0,0,0,,,accelerometer
791,6208,688,15600,2018-10-19,"maximum angle, simple rolling 0",0,0,0,,,accelerometer
792,6720,1056,15680,2018-10-19,"maximum angle, simple rolling 0",0,0,0,,,accelerometer
793,6192,768,15600,2018-10-19,"maximum angle, simple rolling 0",0,0,0,,,accelerometer
794,6224,752,15600,2018-10-19,"maximum angle, simple rolling 0",0,0,0,,,accelerometer
795,6320,640,15552,2018-10-19,"maximum angle, simple rolling 0",0,0,0,,,accelerometer
796,5664,1648,15760,2018-10-19,"maximum angle, simple rolling 0",0,0,0,,,accelerometer
797,6224,800,15584,2018-10-19,"maximum angle, simple rolling 0",0,0,0,,,accelerometer
798,6208,768,15632,2018-10-19,"maximum angle, simple rolling 0",0,0,0,,,accelerometer
799,6256,736,15600,2018-10-19,"maximum angle, simple rolling 0",0,0,0,,,accelerometer
800,6144,816,15648,2018-10-19,"maximum angle, simple rolling 0",0,0,0,,,accelerometer
801,6256,736,15616,2018-10-19,"maximum angle, simple rolling 0",0,0,0,,,accelerometer
802,6160,800,15568,2018-10-19,"maximum angle, simple rolling 0",0,0,0,,,accelerometer
803,6144,880,15600,2018-10-19,"maximum angle, simple rolling 0",0,0,0,,,accelerometer
804,6176,768,15680,2018-10-19,"maximum angle, simple rolling 0",0,0,0,,,accelerometer
805,6048,800,15632,2018-10-19,"maximum angle, simple rolling 0",0,0,0,,,accelerometer
806,6032,864,15632,2018-10-19,"maximum angle, simple rolling 0",0,0,0,,,accelerometer
807,6048,848,15696,2018-10-19,"maximum angle, simple rolling 0",0,0,0,,,accelerometer
808,5968,832,15664,2018-10-19,"maximum angle, simple rolling 0",0,0,0,,,accelerometer
809,5968,832,15664,2018-10-19,"maximum angle, simple rolling 0",0,0,0,,,accelerometer
810,6048,816,15680,2018-10-19,"maximum angle, simple rolling 0",0,0,0,,,accelerometer
811,6128,848,15600,2018-10-19,"maximum angle, simple rolling 0",0,0,0,,,accelerometer
812,6192,784,15632,2018-10-19,"maximum angle, simple rolling 0",0,0,0,,,accelerometer
813,6032,800,15680,2018-10-19,"maximum angle, simple rolling 0",0,0,0,,,accelerometer
814,5936,880,15712,2018-10-19,"maximum angle, simple rolling 0",0,0,0,,,accelerometer
815,6096,816,15616,2018-10-19,"maximum angle, simple rolling 0",0,0,0,,,accelerometer
816,6272,704,15552,2018-10-19,"maximum angle, simple rolling 0",0,0,0,,,accelerometer
817,6112,832,15568,2018-10-19,"maximum angle, simple rolling 0",0,0,0,,,accelerometer
818,6032,848,15648,2018-10-19,"maximum angle, simple rolling 0",0,0,0,,,accelerometer
819,6032,880,15648,2018-10-19,"maximum angle, simple rolling 0",0,0,0,,,accelerometer
820,6000,768,15696,2018-10-19,"maximum angle, simple rolling 0",0,0,0,,,accelerometer
821,6016,768,15712,2018-10-19,"maximum angle, simple rolling 0",0,0,0,,,accelerometer
822,6000,720,15712,2018-10-19,"maximum angle, simple rolling 0",0,0,0,,,accelerometer
823,6064,736,15616,2018-10-19,"maximum angle, simple rolling 0",0,0,0,,,accelerometer
824,6096,736,15632,2018-10-19,"maximum angle, simple rolling 0",0,0,0,,,accelerometer
825,6032,672,15680,2018-10-19,"maximum angle, simple rolling 0",0,0,0,,,accelerometer
826,6064,736,15616,2018-10-19,"maximum angle, simple rolling 0",0,0,0,,,accelerometer
827,6000,768,15664,2018-10-19,"maximum angle, simple rolling 0",0,0,0,,,accelerometer
828,5712,720,15808,2018-10-19,"maximum angle, simple rolling 0",0,0,0,,,accelerometer
829,5776,672,15728,2018-10-19,"maximum angle, simple rolling 0",0,0,0,,,accelerometer
830,5712,608,15824,2018-10-19,"maximum angle, simple rolling 0",0,0,0,,,accelerometer
831,5568,720,15888,2018-10-19,"maximum angle, simple rolling 0",0,0,0,,,accelerometer
832,5616,800,15696,2018-10-19,"maximum angle, simple rolling 0",0,0,0,,,accelerometer
833,6000,704,15744,2018-10-19,"maximum angle, simple rolling 0",0,0,0,,,accelerometer
834,6112,672,15744,2018-10-19,"maximum angle, simple rolling 0",0,0,0,,,accelerometer
835,6144,688,15616,2018-10-19,"maximum angle, simple rolling 0",0,0,0,,,accelerometer
836,5984,656,15632,2018-10-19,"maximum angle, simple rolling 0",0,0,0,,,accelerometer
837,6208,704,15568,2018-10-19,"maximum angle, simple rolling 0",0,0,0,,,accelerometer
838,6144,608,15632,2018-10-19,"maximum angle, simple rolling 0",0,0,0,,,accelerometer
839,6096,608,15696,2018-10-19,"maximum angle, simple rolling 0",0,0,0,,,accelerometer
840,6160,624,15616,2018-10-19,"maximum angle, simple rolling 0",0,0,0,,,accelerometer
841,6176,512,15648,2018-10-19,"maximum angle, simple rolling 0",0,0,0,,,accelerometer
842,6064,608,15680,2018-10-19,"maximum angle, simple rolling 0",0,0,0,,,accelerometer
843,6176,576,15872,2018-10-19,"maximum angle, simple rolling 0",0,0,0,,,accelerometer
844,6192,688,15584,2018-10-19,"maximum angle, simple rolling 0",0,0,0,,,accelerometer
845,6144,656,15600,2018-10-19,"maximum angle, simple rolling 0",0,0,0,,,accelerometer
846,6208,560,15568,2018-10-19,"maximum angle, simple rolling 0",0,0,0,,,accelerometer
847,6240,608,15648,2018-10-19,"maximum angle, simple rolling 0",0,0,0,,,accelerometer
